tablet_id,site,date_est,date_uncertainty_yrs,material,source_strategy,qcs,is_synthetic,transliteration,sign_groups,sign_sequence_unicode,sign_sequence_ids,sign_group_count,sign_count
HT 1,Hagia Triada,-1500,,clay,gorila_transliterations,0.9,False,A-DU GRA 100 DI-KI-SE GRA 10 KU-RO GRA 110,A-DU|GRA|DI-KI-SE|GRA|KU-RO|GRA,𐘀𐘬 𐙕 𐘆𐘸𐘈 𐙕 𐙂𐘁 𐙕,"0,44,85,6,56,8,85,66,1,85",6,10
HT 2,Hagia Triada,-1500,,clay,gorila_transliterations,0.9,False,PA-I-TO GRA 24 DA-I GRA 6 KU-RO GRA 30,PA-I-TO|GRA|DA-I|GRA|KU-RO|GRA,𐘂𐘚𐘄 𐙕 𐘦𐘚 𐙕 𐙂𐘁 𐙕,"2,26,4,85,38,26,85,66,1,85",6,10
HT 6,Hagia Triada,-1500,,clay,gorila_transliterations,0.9,False,PA3-TE GRA 20 A-RE GRA 5 KU-RO GRA 25,PA3-TE|GRA|A-RE|GRA|KU-RO|GRA,𐘰𐘃 𐙕 𐘀𐘙 𐙕 𐙂𐘁 𐙕,"48,3,85,0,25,85,66,1,85",6,9
HT 8,Hagia Triada,-1500,,clay,gorila_transliterations,0.9,False,KU-PA3-NU GRA 40 KI-RO GRA 5 KU-RO GRA 35,KU-PA3-NU|GRA|KI-RO|GRA|KU-RO|GRA,𐙂𐘰𐘟 𐙕 𐘸𐘁 𐙕 𐙂𐘁 𐙕,"66,48,31,85,56,1,85,66,1,85",6,10
HT 10,Hagia Triada,-1500,,clay,gorila_transliterations,0.9,False,TE-KI VIN 30 SI-DA-TE VIN 10 KU-RO VIN 40,TE-KI|VIN|SI-DA-TE|VIN|KU-RO|VIN,𐘃𐘸 𐙗 𐘜𐘦𐘃 𐙗 𐙂𐘁 𐙗,"3,56,87,28,38,3,87,66,1,87",6,10
HT 11,Hagia Triada,-1500,,clay,gorila_transliterations,0.9,False,A-MI-DA-O GRA 15 KI-RO GRA 3,A-MI-DA-O|GRA|KI-RO|GRA,𐘀𐘒𐘦𐘵 𐙕 𐘸𐘁 𐙕,"0,18,38,53,85,56,1,85",4,8
HT 12,Hagia Triada,-1500,,clay,gorila_transliterations,0.9,False,RI-JA-TA GRA 7 SA-MA GRA 8 KU-RO GRA 15,RI-JA-TA|GRA|SA-MA|GRA|KU-RO|GRA,𐘭𐘧𐘳 𐙕 𐘞𐙁 𐙕 𐙂𐘁 𐙕,"45,39,51,85,30,65,85,66,1,85",6,10
HT 13,Hagia Triada,-1500,,clay,gorila_transliterations,0.9,False,KU-PA3-NU OVS 40 A-MI-DA-O OVS 20 KU-RO OVS 60,KU-PA3-NU|OVS|A-MI-DA-O|OVS|KU-RO|OVS,𐙂𐘰𐘟 𐙝 𐘀𐘒𐘦𐘵 𐙝 𐙂𐘁 𐙝,"66,48,31,93,0,18,38,53,93,66,1,93",6,12
HT 14,Hagia Triada,-1500,,clay,gorila_transliterations,0.9,False,DA-QE-RA GRA 12 A-NU-PA GRA 6 KU-RO GRA 18,DA-QE-RA|GRA|A-NU-PA|GRA|KU-RO|GRA,𐘦𐘿𐘴 𐙕 𐘀𐘟𐘂 𐙕 𐙂𐘁 𐙕,"38,63,52,85,0,31,2,85,66,1,85",6,11
HT 17,Hagia Triada,-1500,,clay,gorila_transliterations,0.9,False,U-NA-KA GRA 5 KI-RO GRA 2 KU-RO GRA 3,U-NA-KA|GRA|KI-RO|GRA|KU-RO|GRA,𐘉𐘅𐘾 𐙕 𐘸𐘁 𐙕 𐙂𐘁 𐙕,"9,5,62,85,56,1,85,66,1,85",6,10
HT 28,Hagia Triada,-1500,,clay,gorila_transliterations,0.9,False,QA-I-RO VIN 20 A-DU VIN 10 KU-RO VIN 30,QA-I-RO|VIN|A-DU|VIN|KU-RO|VIN,𐘌𐘚𐘁 𐙗 𐘀𐘬 𐙗 𐙂𐘁 𐙗,"12,26,1,87,0,44,87,66,1,87",6,10
HT 31,Hagia Triada,-1500,,clay,gorila_transliterations,0.9,False,I-DA-TE OLE 25 A-RE OLE 5 KU-RO OLE 30,I-DA-TE|OLE|A-RE|OLE|KU-RO|OLE,𐘚𐘦𐘃 𐙚 𐘀𐘙 𐙚 𐙂𐘁 𐙚,"26,38,3,90,0,25,90,66,1,90",6,10
HT 44,Hagia Triada,-1500,,clay,gorila_transliterations,0.9,False,SU-PU2-WA GRA 30 JA-RE GRA 10 KU-RO GRA 40,SU-PU2-WA|GRA|JA-RE|GRA|KU-RO|GRA,𐘲𐙄𐘮 𐙕 𐘧𐘙 𐙕 𐙂𐘁 𐙕,"50,68,46,85,39,25,85,66,1,85",6,10
HT 85,Hagia Triada,-1500,,clay,gorila_transliterations,0.9,False,PA-TA-NE BOS 5 WI-NA-DU BOS 3 KU-RO BOS 8,PA-TA-NE|BOS|WI-NA-DU|BOS|KU-RO|BOS,𐘂𐘳𐘗 𐙠 𐘣𐘅𐘬 𐙠 𐙂𐘁 𐙠,"2,51,23,96,35,5,44,96,66,1,96",6,11
HT 100,Hagia Triada,-1500,,clay,gorila_transliterations,0.9,False,A-DU OVS 10 DA-QE-RA OVS 8 KU-PA3-NU OVS 6 KU-RO OVS 24,A-DU|OVS|DA-QE-RA|OVS|KU-PA3-NU|OVS|KU-RO|OVS,𐘀𐘬 𐙝 𐘦𐘿𐘴 𐙝 𐙂𐘰𐘟 𐙝 𐙂𐘁 𐙝,"0,44,93,38,63,52,93,66,48,31,93,66,1,93",8,14
HT 117,Hagia Triada,-1500,,clay,gorila_transliterations,0.9,False,A-SA-SA-RA-ME A-TA-RE U-NA-KA QA-QA-RU KU-RO,A-SA-SA-RA-ME|A-TA-RE|U-NA-KA|QA-QA-RU|KU-RO,𐘀𐘞𐘞𐘴𐘋 𐘀𐘳𐘙 𐘉𐘅𐘾 𐘌𐘌𐘘 𐙂𐘁,"0,30,30,52,11,0,51,25,9,5,62,12,12,24,66,1",5,16
HT 122,Hagia Triada,-1500,,clay,gorila_transliterations,0.9,False,PA-I-TO GRA 8 A-RE-NU-WA GRA 3 KU-RO GRA 11,PA-I-TO|GRA|A-RE-NU-WA|GRA|KU-RO|GRA,𐘂𐘚𐘄 𐙕 𐘀𐘙𐘟𐘮 𐙕 𐙂𐘁 𐙕,"2,26,4,85,0,25,31,46,85,66,1,85",6,12
HT 140,Hagia Triada,-1500,,clay,gorila_transliterations,0.9,False,KI-RO VIN 6 TE-KI VIN 14 KU-RO VIN 20,KI-RO|VIN|TE-KI|VIN|KU-RO|VIN,𐘸𐘁 𐙗 𐘃𐘸 𐙗 𐙂𐘁 𐙗,"56,1,87,3,56,87,66,1,87",6,9
HT 86,Hagia Triada,-1550,,stone,gorila_transliterations,0.9,False,I-DA-MA-TE A-SA-SA-RA-ME,I-DA-MA-TE|A-SA-SA-RA-ME,𐘚𐘦𐙁𐘃 𐘀𐘞𐘞𐘴𐘋,"26,38,65,3,0,30,30,52,11",2,9
HT 87,Hagia Triada,-1550,,stone,gorila_transliterations,0.9,False,A-TA-I-*301-WA-JA A-RE-NE-SI,A-TA-I-*301-WA-JA|A-RE-NE-SI,𐘀𐘳𐘚𐙕𐘮𐘧 𐘀𐘙𐘗𐘜,"0,51,26,85,46,39,0,25,23,28",2,10
HT 88,Hagia Triada,-1550,,stone,gorila_transliterations,0.9,False,I-PI-NA-MI-NA A-SA-SA-RA-ME,I-PI-NA-MI-NA|A-SA-SA-RA-ME,𐘚𐘢𐘅𐘒𐘅 𐘀𐘞𐘞𐘴𐘋,"26,34,5,18,5,0,30,30,52,11",2,10
HT 89,Hagia Triada,-1550,,stone,gorila_transliterations,0.9,False,SU-PU2-WA A-SA-SA-RA-ME,SU-PU2-WA|A-SA-SA-RA-ME,𐘲𐙄𐘮 𐘀𐘞𐘞𐘴𐘋,"50,68,46,0,30,30,52,11",2,8
HT 90,Hagia Triada,-1550,,stone,gorila_transliterations,0.9,False,A-KA-RU A-SA-SA-RA-ME,A-KA-RU|A-SA-SA-RA-ME,𐘀𐘾𐘘 𐘀𐘞𐘞𐘴𐘋,"0,62,24,0,30,30,52,11",2,8
HT 91,Hagia Triada,-1550,,stone,gorila_transliterations,0.9,False,SI-RU-TE A-SA-SA-RA-ME,SI-RU-TE|A-SA-SA-RA-ME,𐘜𐘘𐘃 𐘀𐘞𐘞𐘴𐘋,"28,24,3,0,30,30,52,11",2,8
HT 92,Hagia Triada,-1550,,stone,gorila_transliterations,0.9,False,U-NA-RU-KA-NA-SI A-SA-SA-RA-ME,U-NA-RU-KA-NA-SI|A-SA-SA-RA-ME,𐘉𐘅𐘘𐘾𐘅𐘜 𐘀𐘞𐘞𐘴𐘋,"9,5,24,62,5,28,0,30,30,52,11",2,11
HT 93,Hagia Triada,-1550,,stone,gorila_transliterations,0.9,False,A-TA-I-*301-WA-JA I-PI-NA-MI-NA,A-TA-I-*301-WA-JA|I-PI-NA-MI-NA,𐘀𐘳𐘚𐙕𐘮𐘧 𐘚𐘢𐘅𐘒𐘅,"0,51,26,85,46,39,26,34,5,18,5",2,11
HT 94,Hagia Triada,-1550,,stone,gorila_transliterations,0.9,False,I-DA-MA-TE SU-PU2-WA,I-DA-MA-TE|SU-PU2-WA,𐘚𐘦𐙁𐘃 𐘲𐙄𐘮,"26,38,65,3,50,68,46",2,7
HT 95,Hagia Triada,-1550,,stone,gorila_transliterations,0.9,False,A-SA-SA-RA-ME A-RE-NE-SI I-DA-MA-TE,A-SA-SA-RA-ME|A-RE-NE-SI|I-DA-MA-TE,𐘀𐘞𐘞𐘴𐘋 𐘀𐘙𐘗𐘜 𐘚𐘦𐙁𐘃,"0,30,30,52,11,0,25,23,28,26,38,65,3",3,13
ZA 1,Zakros,-1475,,clay,gorila_transliterations,0.9,False,A-DU GRA 30 TE-KI GRA 10 KU-RO GRA 40,A-DU|GRA|TE-KI|GRA|KU-RO|GRA,𐘀𐘬 𐙕 𐘃𐘸 𐙕 𐙂𐘁 𐙕,"0,44,85,3,56,85,66,1,85",6,9
ZA 4,Zakros,-1475,,clay,gorila_transliterations,0.9,False,DA-QE-RA VIN 20 KI-RO VIN 4 KU-RO VIN 16,DA-QE-RA|VIN|KI-RO|VIN|KU-RO|VIN,𐘦𐘿𐘴 𐙗 𐘸𐘁 𐙗 𐙂𐘁 𐙗,"38,63,52,87,56,1,87,66,1,87",6,10
ZA 10,Zakros,-1475,,clay,gorila_transliterations,0.9,False,PA-I-TO OLE 15 A-RE OLE 5 KU-RO OLE 20,PA-I-TO|OLE|A-RE|OLE|KU-RO|OLE,𐘂𐘚𐘄 𐙚 𐘀𐘙 𐙚 𐙂𐘁 𐙚,"2,26,4,90,0,25,90,66,1,90",6,10
ZA 15,Zakros,-1475,,stone,gorila_transliterations,0.9,False,I-DA-MA-TE A-SA-SA-RA-ME,I-DA-MA-TE|A-SA-SA-RA-ME,𐘚𐘦𐙁𐘃 𐘀𐘞𐘞𐘴𐘋,"26,38,65,3,0,30,30,52,11",2,9
ZA 28,Zakros,-1475,,stone,gorila_transliterations,0.9,False,A-TA-I-*301-WA-JA I-DA-MA-TE,A-TA-I-*301-WA-JA|I-DA-MA-TE,𐘀𐘳𐘚𐙕𐘮𐘧 𐘚𐘦𐙁𐘃,"0,51,26,85,46,39,26,38,65,3",2,10
KH 1,Khania,-1450,,clay,gorila_transliterations,0.9,False,DA-QE-RA GRA 20 A-DU GRA 5 KU-RO GRA 25,DA-QE-RA|GRA|A-DU|GRA|KU-RO|GRA,𐘦𐘿𐘴 𐙕 𐘀𐘬 𐙕 𐙂𐘁 𐙕,"38,63,52,85,0,44,85,66,1,85",6,10
KH 4,Khania,-1450,,clay,gorila_transliterations,0.9,False,KU-PA3-NU OVS 15 KI-RO OVS 3 KU-RO OVS 12,KU-PA3-NU|OVS|KI-RO|OVS|KU-RO|OVS,𐙂𐘰𐘟 𐙝 𐘸𐘁 𐙝 𐙂𐘁 𐙝,"66,48,31,93,56,1,93,66,1,93",6,10
KH 5,Khania,-1450,,clay,gorila_transliterations,0.9,False,A-DU VIN 8 SI-DA-TE VIN 4 KU-RO VIN 12,A-DU|VIN|SI-DA-TE|VIN|KU-RO|VIN,𐘀𐘬 𐙗 𐘜𐘦𐘃 𐙗 𐙂𐘁 𐙗,"0,44,87,28,38,3,87,66,1,87",6,10
KH 11,Khania,-1450,,clay,gorila_transliterations,0.9,False,TE-KI GRA 30 KI-RO GRA 6 KU-RO GRA 24,TE-KI|GRA|KI-RO|GRA|KU-RO|GRA,𐘃𐘸 𐙕 𐘸𐘁 𐙕 𐙂𐘁 𐙕,"3,56,85,56,1,85,66,1,85",6,9
PH 1,Phaistos,-1700,,clay,gorila_transliterations,0.9,False,GRA 50 VIN 10 OLE 5 KU-RO,GRA|VIN|OLE|KU-RO,𐙕 𐙗 𐙚 𐙂𐘁,"85,87,90,66,1",4,5
PH 7,Phaistos,-1700,,stone,gorila_transliterations,0.9,False,A-TA-I-*301-WA-JA A-RE-NE-SI I-DA-MA-TE,A-TA-I-*301-WA-JA|A-RE-NE-SI|I-DA-MA-TE,𐘀𐘳𐘚𐙕𐘮𐘧 𐘀𐘙𐘗𐘜 𐘚𐘦𐙁𐘃,"0,51,26,85,46,39,0,25,23,28,26,38,65,3",3,14
AR 1,Arkhanes,-1600,,clay,gorila_transliterations,0.9,False,A-DU GRA 5 KI-RO GRA 1 KU-RO GRA 4,A-DU|GRA|KI-RO|GRA|KU-RO|GRA,𐘀𐘬 𐙕 𐘸𐘁 𐙕 𐙂𐘁 𐙕,"0,44,85,56,1,85,66,1,85",6,9
AR 4,Arkhanes,-1600,,stone,gorila_transliterations,0.9,False,A-SA-SA-RA-ME I-DA-MA-TE,A-SA-SA-RA-ME|I-DA-MA-TE,𐘀𐘞𐘞𐘴𐘋 𐘚𐘦𐙁𐘃,"0,30,30,52,11,26,38,65,3",2,9
KN 1,Knossos,-1500,,clay,gorila_transliterations,0.9,False,PA-I-TO GRA 10 A-RE GRA 5 KU-RO GRA 15,PA-I-TO|GRA|A-RE|GRA|KU-RO|GRA,𐘂𐘚𐘄 𐙕 𐘀𐘙 𐙕 𐙂𐘁 𐙕,"2,26,4,85,0,25,85,66,1,85",6,10
KN 5,Knossos,-1500,,clay,gorila_transliterations,0.9,False,KU-PA3-NU OVS 20 KI-RO OVS 5 KU-RO OVS 15,KU-PA3-NU|OVS|KI-RO|OVS|KU-RO|OVS,𐙂𐘰𐘟 𐙝 𐘸𐘁 𐙝 𐙂𐘁 𐙝,"66,48,31,93,56,1,93,66,1,93",6,10
MA 1,Mallia,-1650,,clay,gorila_transliterations,0.9,False,DA-QE-RA VIN 30 A-DU VIN 10 KU-RO VIN 40,DA-QE-RA|VIN|A-DU|VIN|KU-RO|VIN,𐘦𐘿𐘴 𐙗 𐘀𐘬 𐙗 𐙂𐘁 𐙗,"38,63,52,87,0,44,87,66,1,87",6,10
MA 4,Mallia,-1650,,clay,gorila_transliterations,0.9,False,A-MI-DA-O GRA 15 KI-RO GRA 3 KU-RO GRA 12,A-MI-DA-O|GRA|KI-RO|GRA|KU-RO|GRA,𐘀𐘒𐘦𐘵 𐙕 𐘸𐘁 𐙕 𐙂𐘁 𐙕,"0,18,38,53,85,56,1,85,66,1,85",6,11
TY 1,Tylissos,-1500,,clay,gorila_transliterations,0.9,False,I-DA-TE OLE 10 PA3-TE OLE 5 KU-RO OLE 15,I-DA-TE|OLE|PA3-TE|OLE|KU-RO|OLE,𐘚𐘦𐘃 𐙚 𐘰𐘃 𐙚 𐙂𐘁 𐙚,"26,38,3,90,48,3,90,66,1,90",6,10
TY 3,Tylissos,-1500,,clay,gorila_transliterations,0.9,False,A-RE OVS 12 A-DU OVS 8 KU-RO OVS 20,A-RE|OVS|A-DU|OVS|KU-RO|OVS,𐘀𐘙 𐙝 𐘀𐘬 𐙝 𐙂𐘁 𐙝,"0,25,93,0,44,93,66,1,93",6,9
PK 1,Palaikastro,-1500,,clay,gorila_transliterations,0.9,False,GRA 20 VIN 5 OLE 3 KU-RO,GRA|VIN|OLE|KU-RO,𐙕 𐙗 𐙚 𐙂𐘁,"85,87,90,66,1",4,5
PK 2,Palaikastro,-1500,,clay,gorila_transliterations,0.9,False,DA-QE-RA GRA 15 A-DU GRA 5 KU-RO GRA 20,DA-QE-RA|GRA|A-DU|GRA|KU-RO|GRA,𐘦𐘿𐘴 𐙕 𐘀𐘬 𐙕 𐙂𐘁 𐙕,"38,63,52,85,0,44,85,66,1,85",6,10
PK 3,Palaikastro,-1500,,clay,gorila_transliterations,0.9,False,PA-I-TO VIN 8 SI-DA-TE VIN 7 KU-RO VIN 15,PA-I-TO|VIN|SI-DA-TE|VIN|KU-RO|VIN,𐘂𐘚𐘄 𐙗 𐘜𐘦𐘃 𐙗 𐙂𐘁 𐙗,"2,26,4,87,28,38,3,87,66,1,87",6,11
PK 4,Palaikastro,-1500,,clay,gorila_transliterations,0.9,False,A-RE OLE 6 KU-PA3-NU OLE 4 KU-RO OLE 10,A-RE|OLE|KU-PA3-NU|OLE|KU-RO|OLE,𐘀𐘙 𐙚 𐙂𐘰𐘟 𐙚 𐙂𐘁 𐙚,"0,25,90,66,48,31,90,66,1,90",6,10
PK 5,Palaikastro,-1500,,stone,gorila_transliterations,0.9,False,I-DA-MA-TE A-SA-SA-RA-ME,I-DA-MA-TE|A-SA-SA-RA-ME,𐘚𐘦𐙁𐘃 𐘀𐘞𐘞𐘴𐘋,"26,38,65,3,0,30,30,52,11",2,9
HT 3,Hagia Triada,-1500,,clay,gorila_transliterations,0.9,False,TE-RE-ZA GRA 12 I-NI-JA GRA 8 KU-RO GRA 20,TE-RE-ZA|GRA|I-NI-JA|GRA|KU-RO|GRA,𐘃𐘙𐘍 𐙕 𐘚𐘝𐘧 𐙕 𐙂𐘁 𐙕,"3,25,13,85,26,29,39,85,66,1,85",6,11
HT 4,Hagia Triada,-1500,,clay,gorila_transliterations,0.9,False,DA-TE-WA OVS 15 A-KI-RO OVS 10 KU-RO OVS 25,DA-TE-WA|OVS|A-KI-RO|OVS|KU-RO|OVS,𐘦𐘃𐘮 𐙝 𐘀𐘸𐘁 𐙝 𐙂𐘁 𐙝,"38,3,46,93,0,56,1,93,66,1,93",6,11
HT 5,Hagia Triada,-1500,,clay,gorila_transliterations,0.9,False,A-SA GRA 6 TU-RU GRA 4 KU-RO GRA 10,A-SA|GRA|TU-RU|GRA|KU-RO|GRA,𐘀𐘞 𐙕 𐘹𐘘 𐙕 𐙂𐘁 𐙕,"0,30,85,57,24,85,66,1,85",6,9
HT 7,Hagia Triada,-1500,,clay,gorila_transliterations,0.9,False,I-QE-PA VIN 18 DA-WA-NE VIN 7 KU-RO VIN 25,I-QE-PA|VIN|DA-WA-NE|VIN|KU-RO|VIN,𐘚𐘿𐘂 𐙗 𐘦𐘮𐘗 𐙗 𐙂𐘁 𐙗,"26,63,2,87,38,46,23,87,66,1,87",6,11
HT 9,Hagia Triada,-1500,,clay,gorila_transliterations,0.9,False,PA3-KA-NA GRA 30 A-RE GRA 5 KU-RO GRA 35,PA3-KA-NA|GRA|A-RE|GRA|KU-RO|GRA,𐘰𐘾𐘅 𐙕 𐘀𐘙 𐙕 𐙂𐘁 𐙕,"48,62,5,85,0,25,85,66,1,85",6,10
HT 15,Hagia Triada,-1500,,clay,gorila_transliterations,0.9,False,NI-TE-RA OLE 10 TA-NA-TI OLE 6 KU-RO OLE 16,NI-TE-RA|OLE|TA-NA-TI|OLE|KU-RO|OLE,𐘝𐘃𐘴 𐙚 𐘳𐘅𐘠 𐙚 𐙂𐘁 𐙚,"29,3,52,90,51,5,32,90,66,1,90",6,11
HT 16,Hagia Triada,-1500,,clay,gorila_transliterations,0.9,False,WA-RA-KE GRA 9 I-NA-JA GRA 6 KU-RO GRA 15,WA-RA-KE|GRA|I-NA-JA|GRA|KU-RO|GRA,𐘮𐘴𐘥 𐙕 𐘚𐘅𐘧 𐙕 𐙂𐘁 𐙕,"46,52,37,85,26,5,39,85,66,1,85",6,11
HT 18,Hagia Triada,-1500,,clay,gorila_transliterations,0.9,False,RO-JA OVS 25 WA-TU OVS 10 KU-RO OVS 35,RO-JA|OVS|WA-TU|OVS|KU-RO|OVS,𐘁𐘧 𐙝 𐘮𐘹 𐙝 𐙂𐘁 𐙝,"1,39,93,46,57,93,66,1,93",6,9
HT 19,Hagia Triada,-1500,,clay,gorila_transliterations,0.9,False,PI-TA-JA GRA 14 KI-DA-TE GRA 6 KU-RO GRA 20,PI-TA-JA|GRA|KI-DA-TE|GRA|KU-RO|GRA,𐘢𐘳𐘧 𐙕 𐘸𐘦𐘃 𐙕 𐙂𐘁 𐙕,"34,51,39,85,56,38,3,85,66,1,85",6,11
HT 20,Hagia Triada,-1500,,clay,gorila_transliterations,0.9,False,QE-QA-DA VIN 12 DA-TE-WA VIN 8 KU-RO VIN 20,QE-QA-DA|VIN|DA-TE-WA|VIN|KU-RO|VIN,𐘿𐘌𐘦 𐙗 𐘦𐘃𐘮 𐙗 𐙂𐘁 𐙗,"63,12,38,87,38,3,46,87,66,1,87",6,11
HT 21,Hagia Triada,-1500,,clay,gorila_transliterations,0.9,False,A-NA GRA 16 I-NA-I GRA 9 KU-RO GRA 25,A-NA|GRA|I-NA-I|GRA|KU-RO|GRA,𐘀𐘅 𐙕 𐘚𐘅𐘚 𐙕 𐙂𐘁 𐙕,"0,5,85,26,5,26,85,66,1,85",6,10
HT 22,Hagia Triada,-1500,,clay,gorila_transliterations,0.9,False,TI-RI-SI OVS 8 PE-QA OVS 7 KU-RO OVS 15,TI-RI-SI|OVS|PE-QA|OVS|KU-RO|OVS,𐘠𐘭𐘜 𐙝 ?𐘌 𐙝 𐙂𐘁 𐙝,"32,45,28,93,12,93,66,1,93",6,9
HT 23,Hagia Triada,-1500,,clay,gorila_transliterations,0.9,False,A-TU GRA 11 NA-RU GRA 9 KU-RO GRA 20,A-TU|GRA|NA-RU|GRA|KU-RO|GRA,𐘀𐘹 𐙕 𐘅𐘘 𐙕 𐙂𐘁 𐙕,"0,57,85,5,24,85,66,1,85",6,9
HT 24,Hagia Triada,-1500,,clay,gorila_transliterations,0.9,False,SA-RU OLE 7 I-RE OLE 8 KU-RO OLE 15,SA-RU|OLE|I-RE|OLE|KU-RO|OLE,𐘞𐘘 𐙚 𐘚𐘙 𐙚 𐙂𐘁 𐙚,"30,24,90,26,25,90,66,1,90",6,9
HT 25,Hagia Triada,-1500,,clay,gorila_transliterations,0.9,False,DI-NA-U GRA 20 TE-KI-NA GRA 5 KU-RO GRA 25,DI-NA-U|GRA|TE-KI-NA|GRA|KU-RO|GRA,𐘆𐘅𐘉 𐙕 𐘃𐘸𐘅 𐙕 𐙂𐘁 𐙕,"6,5,9,85,3,56,5,85,66,1,85",6,11
HT 26,Hagia Triada,-1500,,clay,gorila_transliterations,0.9,False,QE-RA-SA OVS 12 A-RA-NA-RE OVS 3 KU-RO OVS 15,QE-RA-SA|OVS|A-RA-NA-RE|OVS|KU-RO|OVS,𐘿𐘴𐘞 𐙝 𐘀𐘴𐘅𐘙 𐙝 𐙂𐘁 𐙝,"63,52,30,93,0,52,5,25,93,66,1,93",6,12
HT 27,Hagia Triada,-1500,,clay,gorila_transliterations,0.9,False,PA-TA GRA 18 KU-PA GRA 7 KU-RO GRA 25,PA-TA|GRA|KU-PA|GRA|KU-RO|GRA,𐘂𐘳 𐙕 𐙂𐘂 𐙕 𐙂𐘁 𐙕,"2,51,85,66,2,85,66,1,85",6,9
HT 29,Hagia Triada,-1500,,clay,gorila_transliterations,0.9,False,NI-RO VIN 10 PI-NU VIN 5 KU-RO VIN 15,NI-RO|VIN|PI-NU|VIN|KU-RO|VIN,𐘝𐘁 𐙗 𐘢𐘟 𐙗 𐙂𐘁 𐙗,"29,1,87,34,31,87,66,1,87",6,9
HT 30,Hagia Triada,-1500,,clay,gorila_transliterations,0.9,False,SA-TA GRA 22 I-TU GRA 3 KU-RO GRA 25,SA-TA|GRA|I-TU|GRA|KU-RO|GRA,𐘞𐘳 𐙕 𐘚𐘹 𐙕 𐙂𐘁 𐙕,"30,51,85,26,57,85,66,1,85",6,9
HT 32,Hagia Triada,-1500,,clay,gorila_transliterations,0.9,False,ME-RU OVS 16 DA-RA-MA-TU OVS 4 KU-RO OVS 20,ME-RU|OVS|DA-RA-MA-TU|OVS|KU-RO|OVS,𐘋𐘘 𐙝 𐘦𐘴𐙁𐘹 𐙝 𐙂𐘁 𐙝,"11,24,93,38,52,65,57,93,66,1,93",6,11
HT 33,Hagia Triada,-1500,,clay,gorila_transliterations,0.9,False,TE-RE-ZA GRA 8 DA-TE-WA GRA 7 KU-RO GRA 15,TE-RE-ZA|GRA|DA-TE-WA|GRA|KU-RO|GRA,𐘃𐘙𐘍 𐙕 𐘦𐘃𐘮 𐙕 𐙂𐘁 𐙕,"3,25,13,85,38,3,46,85,66,1,85",6,11
HT 34,Hagia Triada,-1500,,clay,gorila_transliterations,0.9,False,WA-RA-KE OLE 12 I-NI-JA OLE 8 KU-RO OLE 20,WA-RA-KE|OLE|I-NI-JA|OLE|KU-RO|OLE,𐘮𐘴𐘥 𐙚 𐘚𐘝𐘧 𐙚 𐙂𐘁 𐙚,"46,52,37,90,26,29,39,90,66,1,90",6,11
HT 35,Hagia Triada,-1500,,clay,gorila_transliterations,0.9,False,A-KI-RO GRA 13 NI-TE-RA GRA 7 KU-RO GRA 20,A-KI-RO|GRA|NI-TE-RA|GRA|KU-RO|GRA,𐘀𐘸𐘁 𐙕 𐘝𐘃𐘴 𐙕 𐙂𐘁 𐙕,"0,56,1,85,29,3,52,85,66,1,85",6,11
HT 36,Hagia Triada,-1500,,clay,gorila_transliterations,0.9,False,KI-DA-TE OVS 30 PI-TA-JA OVS 10 KU-RO OVS 40,KI-DA-TE|OVS|PI-TA-JA|OVS|KU-RO|OVS,𐘸𐘦𐘃 𐙝 𐘢𐘳𐘧 𐙝 𐙂𐘁 𐙝,"56,38,3,93,34,51,39,93,66,1,93",6,11
HT 37,Hagia Triada,-1500,,clay,gorila_transliterations,0.9,False,QE-QA-DA VIN 8 RO-JA VIN 7 KU-RO VIN 15,QE-QA-DA|VIN|RO-JA|VIN|KU-RO|VIN,𐘿𐘌𐘦 𐙗 𐘁𐘧 𐙗 𐙂𐘁 𐙗,"63,12,38,87,1,39,87,66,1,87",6,10
HT 38,Hagia Triada,-1500,,clay,gorila_transliterations,0.9,False,WA-TU GRA 14 A-NA GRA 6 KU-RO GRA 20,WA-TU|GRA|A-NA|GRA|KU-RO|GRA,𐘮𐘹 𐙕 𐘀𐘅 𐙕 𐙂𐘁 𐙕,"46,57,85,0,5,85,66,1,85",6,9
HT 39,Hagia Triada,-1500,,clay,gorila_transliterations,0.9,False,I-NA-JA OVS 20 TA-NA-TI OVS 5 KU-RO OVS 25,I-NA-JA|OVS|TA-NA-TI|OVS|KU-RO|OVS,𐘚𐘅𐘧 𐙝 𐘳𐘅𐘠 𐙝 𐙂𐘁 𐙝,"26,5,39,93,51,5,32,93,66,1,93",6,11
HT 40,Hagia Triada,-1500,,clay,gorila_transliterations,0.9,False,TE-KI-NA GRA 9 DI-NA-U GRA 6 KU-RO GRA 15,TE-KI-NA|GRA|DI-NA-U|GRA|KU-RO|GRA,𐘃𐘸𐘅 𐙕 𐘆𐘅𐘉 𐙕 𐙂𐘁 𐙕,"3,56,5,85,6,5,9,85,66,1,85",6,11
HT 41,Hagia Triada,-1500,,clay,gorila_transliterations,0.9,False,QE-RA-SA OLE 8 SA-RU OLE 7 KU-RO OLE 15,QE-RA-SA|OLE|SA-RU|OLE|KU-RO|OLE,𐘿𐘴𐘞 𐙚 𐘞𐘘 𐙚 𐙂𐘁 𐙚,"63,52,30,90,30,24,90,66,1,90",6,10
HT 42,Hagia Triada,-1500,,clay,gorila_transliterations,0.9,False,PA-TA VIN 18 KU-PA VIN 7 KU-RO VIN 25,PA-TA|VIN|KU-PA|VIN|KU-RO|VIN,𐘂𐘳 𐙗 𐙂𐘂 𐙗 𐙂𐘁 𐙗,"2,51,87,66,2,87,66,1,87",6,9
HT 43,Hagia Triada,-1500,,clay,gorila_transliterations,0.9,False,NI-RO GRA 12 ME-RU GRA 8 KU-RO GRA 20,NI-RO|GRA|ME-RU|GRA|KU-RO|GRA,𐘝𐘁 𐙕 𐘋𐘘 𐙕 𐙂𐘁 𐙕,"29,1,85,11,24,85,66,1,85",6,9
HT 45,Hagia Triada,-1500,,clay,gorila_transliterations,0.9,False,A-SA OVS 14 TU-RU OVS 6 KU-RO OVS 20,A-SA|OVS|TU-RU|OVS|KU-RO|OVS,𐘀𐘞 𐙝 𐘹𐘘 𐙝 𐙂𐘁 𐙝,"0,30,93,57,24,93,66,1,93",6,9
HT 46,Hagia Triada,-1500,,clay,gorila_transliterations,0.9,False,I-QE-PA GRA 15 DA-WA-NE GRA 10 KU-RO GRA 25,I-QE-PA|GRA|DA-WA-NE|GRA|KU-RO|GRA,𐘚𐘿𐘂 𐙕 𐘦𐘮𐘗 𐙕 𐙂𐘁 𐙕,"26,63,2,85,38,46,23,85,66,1,85",6,11
HT 47,Hagia Triada,-1500,,clay,gorila_transliterations,0.9,False,PA3-KA-NA OVS 8 A-RE OVS 7 KU-RO OVS 15,PA3-KA-NA|OVS|A-RE|OVS|KU-RO|OVS,𐘰𐘾𐘅 𐙝 𐘀𐘙 𐙝 𐙂𐘁 𐙝,"48,62,5,93,0,25,93,66,1,93",6,10
HT 48,Hagia Triada,-1500,,clay,gorila_transliterations,0.9,False,SA-TA GRA 12 I-TU GRA 8 KU-RO GRA 20,SA-TA|GRA|I-TU|GRA|KU-RO|GRA,𐘞𐘳 𐙕 𐘚𐘹 𐙕 𐙂𐘁 𐙕,"30,51,85,26,57,85,66,1,85",6,9
HT 49,Hagia Triada,-1500,,clay,gorila_transliterations,0.9,False,DA-RA-MA-TU VIN 7 TI-RI-SI VIN 8 KU-RO VIN 15,DA-RA-MA-TU|VIN|TI-RI-SI|VIN|KU-RO|VIN,𐘦𐘴𐙁𐘹 𐙗 𐘠𐘭𐘜 𐙗 𐙂𐘁 𐙗,"38,52,65,57,87,32,45,28,87,66,1,87",6,12
HT 50,Hagia Triada,-1500,,clay,gorila_transliterations,0.9,False,PE-QA OVS 9 A-TU OVS 6 KU-RO OVS 15,PE-QA|OVS|A-TU|OVS|KU-RO|OVS,?𐘌 𐙝 𐘀𐘹 𐙝 𐙂𐘁 𐙝,"12,93,0,57,93,66,1,93",6,8
HT 51,Hagia Triada,-1500,,clay,gorila_transliterations,0.9,False,NA-RU GRA 14 I-RE GRA 6 KU-RO GRA 20,NA-RU|GRA|I-RE|GRA|KU-RO|GRA,𐘅𐘘 𐙕 𐘚𐘙 𐙕 𐙂𐘁 𐙕,"5,24,85,26,25,85,66,1,85",6,9
HT 52,Hagia Triada,-1500,,clay,gorila_transliterations,0.9,False,A-RA-NA-RE OLE 10 PA-TA OLE 5 KU-RO OLE 15,A-RA-NA-RE|OLE|PA-TA|OLE|KU-RO|OLE,𐘀𐘴𐘅𐘙 𐙚 𐘂𐘳 𐙚 𐙂𐘁 𐙚,"0,52,5,25,90,2,51,90,66,1,90",6,11
HT 53,Hagia Triada,-1500,,clay,gorila_transliterations,0.9,False,KU-PA GRA 8 PI-NU GRA 7 KU-RO GRA 15,KU-PA|GRA|PI-NU|GRA|KU-RO|GRA,𐙂𐘂 𐙕 𐘢𐘟 𐙕 𐙂𐘁 𐙕,"66,2,85,34,31,85,66,1,85",6,9
HT 54,Hagia Triada,-1500,,clay,gorila_transliterations,0.9,False,RO-JA BOS 4 WA-TU BOS 3 KU-RO BOS 7,RO-JA|BOS|WA-TU|BOS|KU-RO|BOS,𐘁𐘧 𐙠 𐘮𐘹 𐙠 𐙂𐘁 𐙠,"1,39,96,46,57,96,66,1,96",6,9
HT 55,Hagia Triada,-1500,,clay,gorila_transliterations,0.9,False,I-NA-I GRA 18 A-NA GRA 7 KU-RO GRA 25,I-NA-I|GRA|A-NA|GRA|KU-RO|GRA,𐘚𐘅𐘚 𐙕 𐘀𐘅 𐙕 𐙂𐘁 𐙕,"26,5,26,85,0,5,85,66,1,85",6,10
HT 56,Hagia Triada,-1500,,clay,gorila_transliterations,0.9,False,TE-RE-ZA OVS 12 MA-DI OVS 8 KU-RO OVS 20,TE-RE-ZA|OVS|MA-DI|OVS|KU-RO|OVS,𐘃𐘙𐘍 𐙝 𐙁𐘆 𐙝 𐙂𐘁 𐙝,"3,25,13,93,65,6,93,66,1,93",6,10
HT 57,Hagia Triada,-1500,,clay,gorila_transliterations,0.9,False,TU-RU-SA GRA 11 I-NI-JA GRA 9 KU-RO GRA 20,TU-RU-SA|GRA|I-NI-JA|GRA|KU-RO|GRA,𐘹𐘘𐘞 𐙕 𐘚𐘝𐘧 𐙕 𐙂𐘁 𐙕,"57,24,30,85,26,29,39,85,66,1,85",6,11
HT 58,Hagia Triada,-1500,,clay,gorila_transliterations,0.9,False,DA-TE-WA VIN 13 A-KI-RO VIN 7 KU-RO VIN 20,DA-TE-WA|VIN|A-KI-RO|VIN|KU-RO|VIN,𐘦𐘃𐘮 𐙗 𐘀𐘸𐘁 𐙗 𐙂𐘁 𐙗,"38,3,46,87,0,56,1,87,66,1,87",6,11
HT 59,Hagia Triada,-1500,,clay,gorila_transliterations,0.9,False,NI-TE-RA OLE 9 WA-RA-KE OLE 6 KU-RO OLE 15,NI-TE-RA|OLE|WA-RA-KE|OLE|KU-RO|OLE,𐘝𐘃𐘴 𐙚 𐘮𐘴𐘥 𐙚 𐙂𐘁 𐙚,"29,3,52,90,46,52,37,90,66,1,90",6,11
HT 60,Hagia Triada,-1500,,clay,gorila_transliterations,0.9,False,KI-DA-TE GRA 20 QE-QA-DA GRA 5 KU-RO GRA 25,KI-DA-TE|GRA|QE-QA-DA|GRA|KU-RO|GRA,𐘸𐘦𐘃 𐙕 𐘿𐘌𐘦 𐙕 𐙂𐘁 𐙕,"56,38,3,85,63,12,38,85,66,1,85",6,11
HT 61,Hagia Triada,-1500,,clay,gorila_transliterations,0.9,False,PI-TA-JA OVS 14 I-NA-JA OVS 6 KU-RO OVS 20,PI-TA-JA|OVS|I-NA-JA|OVS|KU-RO|OVS,𐘢𐘳𐘧 𐙝 𐘚𐘅𐘧 𐙝 𐙂𐘁 𐙝,"34,51,39,93,26,5,39,93,66,1,93",6,11
HT 62,Hagia Triada,-1500,,clay,gorila_transliterations,0.9,False,TA-NA-TI GRA 10 TI-RI-SI GRA 5 KU-RO GRA 15,TA-NA-TI|GRA|TI-RI-SI|GRA|KU-RO|GRA,𐘳𐘅𐘠 𐙕 𐘠𐘭𐘜 𐙕 𐙂𐘁 𐙕,"51,5,32,85,32,45,28,85,66,1,85",6,11
HT 63,Hagia Triada,-1500,,clay,gorila_transliterations,0.9,False,DI-NA-U VIN 8 TE-KI-NA VIN 7 KU-RO VIN 15,DI-NA-U|VIN|TE-KI-NA|VIN|KU-RO|VIN,𐘆𐘅𐘉 𐙗 𐘃𐘸𐘅 𐙗 𐙂𐘁 𐙗,"6,5,9,87,3,56,5,87,66,1,87",6,11
HT 64,Hagia Triada,-1500,,clay,gorila_transliterations,0.9,False,PE-QA OVS 10 A-TU OVS 5 KU-RO OVS 15,PE-QA|OVS|A-TU|OVS|KU-RO|OVS,?𐘌 𐙝 𐘀𐘹 𐙝 𐙂𐘁 𐙝,"12,93,0,57,93,66,1,93",6,8
HT 65,Hagia Triada,-1500,,clay,gorila_transliterations,0.9,False,QE-RA-SA GRA 12 SA-RU GRA 8 KU-RO GRA 20,QE-RA-SA|GRA|SA-RU|GRA|KU-RO|GRA,𐘿𐘴𐘞 𐙕 𐘞𐘘 𐙕 𐙂𐘁 𐙕,"63,52,30,85,30,24,85,66,1,85",6,10
HT 66,Hagia Triada,-1500,,clay,gorila_transliterations,0.9,False,ME-RU OLE 7 DA-RA-MA-TU OLE 8 KU-RO OLE 15,ME-RU|OLE|DA-RA-MA-TU|OLE|KU-RO|OLE,𐘋𐘘 𐙚 𐘦𐘴𐙁𐘹 𐙚 𐙂𐘁 𐙚,"11,24,90,38,52,65,57,90,66,1,90",6,11
HT 67,Hagia Triada,-1500,,clay,gorila_transliterations,0.9,False,A-SA GRA 15 TU-RU GRA 5 KU-RO GRA 20,A-SA|GRA|TU-RU|GRA|KU-RO|GRA,𐘀𐘞 𐙕 𐘹𐘘 𐙕 𐙂𐘁 𐙕,"0,30,85,57,24,85,66,1,85",6,9
HT 68,Hagia Triada,-1500,,clay,gorila_transliterations,0.9,False,I-QE-PA OVS 8 PA3-KA-NA OVS 7 KU-RO OVS 15,I-QE-PA|OVS|PA3-KA-NA|OVS|KU-RO|OVS,𐘚𐘿𐘂 𐙝 𐘰𐘾𐘅 𐙝 𐙂𐘁 𐙝,"26,63,2,93,48,62,5,93,66,1,93",6,11
HT 69,Hagia Triada,-1500,,clay,gorila_transliterations,0.9,False,PA-TA VIN 10 KU-PA VIN 5 KU-RO VIN 15,PA-TA|VIN|KU-PA|VIN|KU-RO|VIN,𐘂𐘳 𐙗 𐙂𐘂 𐙗 𐙂𐘁 𐙗,"2,51,87,66,2,87,66,1,87",6,9
HT 70,Hagia Triada,-1500,,clay,gorila_transliterations,0.9,False,NI-RO GRA 14 PI-NU GRA 6 KU-RO GRA 20,NI-RO|GRA|PI-NU|GRA|KU-RO|GRA,𐘝𐘁 𐙕 𐘢𐘟 𐙕 𐙂𐘁 𐙕,"29,1,85,34,31,85,66,1,85",6,9
HT 71,Hagia Triada,-1500,,clay,gorila_transliterations,0.9,False,TE-RE-ZA OLE 8 DA-TE-WA OLE 7 KU-RO OLE 15,TE-RE-ZA|OLE|DA-TE-WA|OLE|KU-RO|OLE,𐘃𐘙𐘍 𐙚 𐘦𐘃𐘮 𐙚 𐙂𐘁 𐙚,"3,25,13,90,38,3,46,90,66,1,90",6,11
HT 72,Hagia Triada,-1500,,clay,gorila_transliterations,0.9,False,A-RE-NU-WA GRA 20 A-TA-RE GRA 5 KU-RO GRA 25,A-RE-NU-WA|GRA|A-TA-RE|GRA|KU-RO|GRA,𐘀𐘙𐘟𐘮 𐙕 𐘀𐘳𐘙 𐙕 𐙂𐘁 𐙕,"0,25,31,46,85,0,51,25,85,66,1,85",6,12
HT 73,Hagia Triada,-1500,,clay,gorila_transliterations,0.9,False,A-MI-DA-O OVS 15 KU-PA3-NU OVS 10 KI-RO OVS 3 KU-RO OVS 22,A-MI-DA-O|OVS|KU-PA3-NU|OVS|KI-RO|OVS|KU-RO|OVS,𐘀𐘒𐘦𐘵 𐙝 𐙂𐘰𐘟 𐙝 𐘸𐘁 𐙝 𐙂𐘁 𐙝,"0,18,38,53,93,66,48,31,93,56,1,93,66,1,93",8,15
HT 74,Hagia Triada,-1500,,clay,gorila_transliterations,0.9,False,DA-QE-RA GRA 18 SI-DA-TE GRA 7 KU-RO GRA 25,DA-QE-RA|GRA|SI-DA-TE|GRA|KU-RO|GRA,𐘦𐘿𐘴 𐙕 𐘜𐘦𐘃 𐙕 𐙂𐘁 𐙕,"38,63,52,85,28,38,3,85,66,1,85",6,11
HT 75,Hagia Triada,-1500,,clay,gorila_transliterations,0.9,False,TE-KI VIN 22 QA-I-RO VIN 8 KU-RO VIN 30,TE-KI|VIN|QA-I-RO|VIN|KU-RO|VIN,𐘃𐘸 𐙗 𐘌𐘚𐘁 𐙗 𐙂𐘁 𐙗,"3,56,87,12,26,1,87,66,1,87",6,10
HT 76,Hagia Triada,-1500,,clay,gorila_transliterations,0.9,False,A-DU OLE 12 I-DA-TE OLE 8 KU-RO OLE 20,A-DU|OLE|I-DA-TE|OLE|KU-RO|OLE,𐘀𐘬 𐙚 𐘚𐘦𐘃 𐙚 𐙂𐘁 𐙚,"0,44,90,26,38,3,90,66,1,90",6,10
HT 77,Hagia Triada,-1500,,clay,gorila_transliterations,0.9,False,PA-I-TO GRA 16 A-RE GRA 4 KU-RO GRA 20,PA-I-TO|GRA|A-RE|GRA|KU-RO|GRA,𐘂𐘚𐘄 𐙕 𐘀𐘙 𐙕 𐙂𐘁 𐙕,"2,26,4,85,0,25,85,66,1,85",6,10
HT 78,Hagia Triada,-1500,,clay,gorila_transliterations,0.9,False,KU-PA3-NU OVS 18 RI-JA-TA OVS 7 KU-RO OVS 25,KU-PA3-NU|OVS|RI-JA-TA|OVS|KU-RO|OVS,𐙂𐘰𐘟 𐙝 𐘭𐘧𐘳 𐙝 𐙂𐘁 𐙝,"66,48,31,93,45,39,51,93,66,1,93",6,11
HT 79,Hagia Triada,-1500,,clay,gorila_transliterations,0.9,False,SA-MA GRA 10 JA-RE GRA 5 KU-RO GRA 15,SA-MA|GRA|JA-RE|GRA|KU-RO|GRA,𐘞𐙁 𐙕 𐘧𐘙 𐙕 𐙂𐘁 𐙕,"30,65,85,39,25,85,66,1,85",6,9
HT 80,Hagia Triada,-1500,,clay,gorila_transliterations,0.9,False,U-NA-KA VIN 8 QA-QA-RU VIN 7 KU-RO VIN 15,U-NA-KA|VIN|QA-QA-RU|VIN|KU-RO|VIN,𐘉𐘅𐘾 𐙗 𐘌𐘌𐘘 𐙗 𐙂𐘁 𐙗,"9,5,62,87,12,12,24,87,66,1,87",6,11
HT 81,Hagia Triada,-1500,,clay,gorila_transliterations,0.9,False,WI-NA-DU GRA 8 PA-TA-NE GRA 7 KU-RO GRA 15,WI-NA-DU|GRA|PA-TA-NE|GRA|KU-RO|GRA,𐘣𐘅𐘬 𐙕 𐘂𐘳𐘗 𐙕 𐙂𐘁 𐙕,"35,5,44,85,2,51,23,85,66,1,85",6,11
HT 82,Hagia Triada,-1500,,clay,gorila_transliterations,0.9,False,SU-PU2-WA OLE 12 A-NU-PA OLE 8 KU-RO OLE 20,SU-PU2-WA|OLE|A-NU-PA|OLE|KU-RO|OLE,𐘲𐙄𐘮 𐙚 𐘀𐘟𐘂 𐙚 𐙂𐘁 𐙚,"50,68,46,90,0,31,2,90,66,1,90",6,11
HT 83,Hagia Triada,-1500,,clay,gorila_transliterations,0.9,False,PA3-TE GRA 14 DA-I GRA 6 KU-RO GRA 20,PA3-TE|GRA|DA-I|GRA|KU-RO|GRA,𐘰𐘃 𐙕 𐘦𐘚 𐙕 𐙂𐘁 𐙕,"48,3,85,38,26,85,66,1,85",6,9
HT 84,Hagia Triada,-1500,,clay,gorila_transliterations,0.9,False,A-RE-NU-WA OVS 10 A-TA-RE OVS 5 KU-RO OVS 15,A-RE-NU-WA|OVS|A-TA-RE|OVS|KU-RO|OVS,𐘀𐘙𐘟𐘮 𐙝 𐘀𐘳𐘙 𐙝 𐙂𐘁 𐙝,"0,25,31,46,93,0,51,25,93,66,1,93",6,12
HT 96,Hagia Triada,-1500,,clay,gorila_transliterations,0.9,False,RI-JA-TA GRA 18 SA-MA GRA 7 KU-RO GRA 25,RI-JA-TA|GRA|SA-MA|GRA|KU-RO|GRA,𐘭𐘧𐘳 𐙕 𐘞𐙁 𐙕 𐙂𐘁 𐙕,"45,39,51,85,30,65,85,66,1,85",6,10
HT 97,Hagia Triada,-1500,,clay,gorila_transliterations,0.9,False,JA-RE VIN 10 SU-PU2-WA VIN 5 KU-RO VIN 15,JA-RE|VIN|SU-PU2-WA|VIN|KU-RO|VIN,𐘧𐘙 𐙗 𐘲𐙄𐘮 𐙗 𐙂𐘁 𐙗,"39,25,87,50,68,46,87,66,1,87",6,10
HT 98,Hagia Triada,-1500,,clay,gorila_transliterations,0.9,False,PA3-TE OLE 8 DA-I OLE 7 KU-RO OLE 15,PA3-TE|OLE|DA-I|OLE|KU-RO|OLE,𐘰𐘃 𐙚 𐘦𐘚 𐙚 𐙂𐘁 𐙚,"48,3,90,38,26,90,66,1,90",6,9
HT 99,Hagia Triada,-1500,,clay,gorila_transliterations,0.9,False,U-NA-KA GRA 12 QA-QA-RU GRA 8 KU-RO GRA 20,U-NA-KA|GRA|QA-QA-RU|GRA|KU-RO|GRA,𐘉𐘅𐘾 𐙕 𐘌𐘌𐘘 𐙕 𐙂𐘁 𐙕,"9,5,62,85,12,12,24,85,66,1,85",6,11
HT 101,Hagia Triada,-1500,,clay,gorila_transliterations,0.9,False,A-RE OVS 20 PA-TA-NE OVS 10 KU-RO OVS 30,A-RE|OVS|PA-TA-NE|OVS|KU-RO|OVS,𐘀𐘙 𐙝 𐘂𐘳𐘗 𐙝 𐙂𐘁 𐙝,"0,25,93,2,51,23,93,66,1,93",6,10
HT 102,Hagia Triada,-1500,,clay,gorila_transliterations,0.9,False,WI-NA-DU GRA 14 I-DA-TE GRA 6 KU-RO GRA 20,WI-NA-DU|GRA|I-DA-TE|GRA|KU-RO|GRA,𐘣𐘅𐘬 𐙕 𐘚𐘦𐘃 𐙕 𐙂𐘁 𐙕,"35,5,44,85,26,38,3,85,66,1,85",6,11
HT 103,Hagia Triada,-1500,,clay,gorila_transliterations,0.9,False,A-NU-PA VIN 8 TE-KI VIN 7 KU-RO VIN 15,A-NU-PA|VIN|TE-KI|VIN|KU-RO|VIN,𐘀𐘟𐘂 𐙗 𐘃𐘸 𐙗 𐙂𐘁 𐙗,"0,31,2,87,3,56,87,66,1,87",6,10
HT 104,Hagia Triada,-1500,,clay,gorila_transliterations,0.9,False,DA-QE-RA GRA 12 QA-I-RO GRA 8 KU-RO GRA 20,DA-QE-RA|GRA|QA-I-RO|GRA|KU-RO|GRA,𐘦𐘿𐘴 𐙕 𐘌𐘚𐘁 𐙕 𐙂𐘁 𐙕,"38,63,52,85,12,26,1,85,66,1,85",6,11
HT 105,Hagia Triada,-1500,,clay,gorila_transliterations,0.9,False,KU-PA3-NU OVS 15 A-MI-DA-O OVS 5 KU-RO OVS 20,KU-PA3-NU|OVS|A-MI-DA-O|OVS|KU-RO|OVS,𐙂𐘰𐘟 𐙝 𐘀𐘒𐘦𐘵 𐙝 𐙂𐘁 𐙝,"66,48,31,93,0,18,38,53,93,66,1,93",6,12
HT 106,Hagia Triada,-1500,,clay,gorila_transliterations,0.9,False,SI-DA-TE OLE 10 PA-I-TO OLE 5 KU-RO OLE 15,SI-DA-TE|OLE|PA-I-TO|OLE|KU-RO|OLE,𐘜𐘦𐘃 𐙚 𐘂𐘚𐘄 𐙚 𐙂𐘁 𐙚,"28,38,3,90,2,26,4,90,66,1,90",6,11
HT 107,Hagia Triada,-1500,,clay,gorila_transliterations,0.9,False,A-DU GRA 18 DA-I GRA 7 KU-RO GRA 25,A-DU|GRA|DA-I|GRA|KU-RO|GRA,𐘀𐘬 𐙕 𐘦𐘚 𐙕 𐙂𐘁 𐙕,"0,44,85,38,26,85,66,1,85",6,9
HT 108,Hagia Triada,-1500,,clay,gorila_transliterations,0.9,False,A-RE-NU-WA OVS 12 A-TA-RE OVS 8 KU-RO OVS 20,A-RE-NU-WA|OVS|A-TA-RE|OVS|KU-RO|OVS,𐘀𐘙𐘟𐘮 𐙝 𐘀𐘳𐘙 𐙝 𐙂𐘁 𐙝,"0,25,31,46,93,0,51,25,93,66,1,93",6,12
HT 109,Hagia Triada,-1500,,clay,gorila_transliterations,0.9,False,RI-JA-TA GRA 14 SA-MA GRA 6 KU-RO GRA 20,RI-JA-TA|GRA|SA-MA|GRA|KU-RO|GRA,𐘭𐘧𐘳 𐙕 𐘞𐙁 𐙕 𐙂𐘁 𐙕,"45,39,51,85,30,65,85,66,1,85",6,10
HT 110,Hagia Triada,-1500,,clay,gorila_transliterations,0.9,False,JA-RE VIN 15 U-NA-KA VIN 5 KU-RO VIN 20,JA-RE|VIN|U-NA-KA|VIN|KU-RO|VIN,𐘧𐘙 𐙗 𐘉𐘅𐘾 𐙗 𐙂𐘁 𐙗,"39,25,87,9,5,62,87,66,1,87",6,10
HT 111,Hagia Triada,-1500,,clay,gorila_transliterations,0.9,False,SU-PU2-WA OLE 9 PA3-TE OLE 6 KU-RO OLE 15,SU-PU2-WA|OLE|PA3-TE|OLE|KU-RO|OLE,𐘲𐙄𐘮 𐙚 𐘰𐘃 𐙚 𐙂𐘁 𐙚,"50,68,46,90,48,3,90,66,1,90",6,10
HT 112,Hagia Triada,-1500,,clay,gorila_transliterations,0.9,False,QA-QA-RU GRA 10 WI-NA-DU GRA 5 KU-RO GRA 15,QA-QA-RU|GRA|WI-NA-DU|GRA|KU-RO|GRA,𐘌𐘌𐘘 𐙕 𐘣𐘅𐘬 𐙕 𐙂𐘁 𐙕,"12,12,24,85,35,5,44,85,66,1,85",6,11
HT 113,Hagia Triada,-1500,,clay,gorila_transliterations,0.9,False,PA-TA-NE OVS 14 A-RE OVS 6 KU-RO OVS 20,PA-TA-NE|OVS|A-RE|OVS|KU-RO|OVS,𐘂𐘳𐘗 𐙝 𐘀𐘙 𐙝 𐙂𐘁 𐙝,"2,51,23,93,0,25,93,66,1,93",6,10
HT 114,Hagia Triada,-1500,,clay,gorila_transliterations,0.9,False,DA-QE-RA GRA 16 SI-DA-TE GRA 4 KU-RO GRA 20,DA-QE-RA|GRA|SI-DA-TE|GRA|KU-RO|GRA,𐘦𐘿𐘴 𐙕 𐘜𐘦𐘃 𐙕 𐙂𐘁 𐙕,"38,63,52,85,28,38,3,85,66,1,85",6,11
HT 115,Hagia Triada,-1500,,clay,gorila_transliterations,0.9,False,KU-PA3-NU VIN 12 A-MI-DA-O VIN 8 KU-RO VIN 20,KU-PA3-NU|VIN|A-MI-DA-O|VIN|KU-RO|VIN,𐙂𐘰𐘟 𐙗 𐘀𐘒𐘦𐘵 𐙗 𐙂𐘁 𐙗,"66,48,31,87,0,18,38,53,87,66,1,87",6,12
HT 116,Hagia Triada,-1500,,clay,gorila_transliterations,0.9,False,I-DA-TE OLE 8 A-NU-PA OLE 7 KU-RO OLE 15,I-DA-TE|OLE|A-NU-PA|OLE|KU-RO|OLE,𐘚𐘦𐘃 𐙚 𐘀𐘟𐘂 𐙚 𐙂𐘁 𐙚,"26,38,3,90,0,31,2,90,66,1,90",6,11
HT 118,Hagia Triada,-1500,,clay,gorila_transliterations,0.9,False,QA-I-RO GRA 20 A-DU GRA 5 KU-RO GRA 25,QA-I-RO|GRA|A-DU|GRA|KU-RO|GRA,𐘌𐘚𐘁 𐙕 𐘀𐘬 𐙕 𐙂𐘁 𐙕,"12,26,1,85,0,44,85,66,1,85",6,10
HT 119,Hagia Triada,-1500,,clay,gorila_transliterations,0.9,False,PA-I-TO OVS 12 KU-PA3-NU OVS 8 KU-RO OVS 20,PA-I-TO|OVS|KU-PA3-NU|OVS|KU-RO|OVS,𐘂𐘚𐘄 𐙝 𐙂𐘰𐘟 𐙝 𐙂𐘁 𐙝,"2,26,4,93,66,48,31,93,66,1,93",6,11
HT 120,Hagia Triada,-1500,,clay,gorila_transliterations,0.9,False,A-RE VIN 10 DA-QE-RA VIN 5 KU-RO VIN 15,A-RE|VIN|DA-QE-RA|VIN|KU-RO|VIN,𐘀𐘙 𐙗 𐘦𐘿𐘴 𐙗 𐙂𐘁 𐙗,"0,25,87,38,63,52,87,66,1,87",6,10
HT 121,Hagia Triada,-1500,,clay,gorila_transliterations,0.9,False,SI-DA-TE GRA 14 TE-KI GRA 6 KU-RO GRA 20,SI-DA-TE|GRA|TE-KI|GRA|KU-RO|GRA,𐘜𐘦𐘃 𐙕 𐘃𐘸 𐙕 𐙂𐘁 𐙕,"28,38,3,85,3,56,85,66,1,85",6,10
HT 123,Hagia Triada,-1500,,clay,gorila_transliterations,0.9,False,A-MI-DA-O OLE 8 U-NA-KA OLE 7 KU-RO OLE 15,A-MI-DA-O|OLE|U-NA-KA|OLE|KU-RO|OLE,𐘀𐘒𐘦𐘵 𐙚 𐘉𐘅𐘾 𐙚 𐙂𐘁 𐙚,"0,18,38,53,90,9,5,62,90,66,1,90",6,12
HT 124,Hagia Triada,-1500,,clay,gorila_transliterations,0.9,False,WI-NA-DU GRA 12 SA-MA GRA 8 KU-RO GRA 20,WI-NA-DU|GRA|SA-MA|GRA|KU-RO|GRA,𐘣𐘅𐘬 𐙕 𐘞𐙁 𐙕 𐙂𐘁 𐙕,"35,5,44,85,30,65,85,66,1,85",6,10
HT 125,Hagia Triada,-1500,,clay,gorila_transliterations,0.9,False,JA-RE OVS 15 RI-JA-TA OVS 5 KU-RO OVS 20,JA-RE|OVS|RI-JA-TA|OVS|KU-RO|OVS,𐘧𐘙 𐙝 𐘭𐘧𐘳 𐙝 𐙂𐘁 𐙝,"39,25,93,45,39,51,93,66,1,93",6,10
HT 126,Hagia Triada,-1500,,clay,gorila_transliterations,0.9,False,SU-PU2-WA GRA 10 PA3-TE GRA 5 KU-RO GRA 15,SU-PU2-WA|GRA|PA3-TE|GRA|KU-RO|GRA,𐘲𐙄𐘮 𐙕 𐘰𐘃 𐙕 𐙂𐘁 𐙕,"50,68,46,85,48,3,85,66,1,85",6,10
HT 127,Hagia Triada,-1500,,clay,gorila_transliterations,0.9,False,DA-I VIN 8 QA-QA-RU VIN 7 KU-RO VIN 15,DA-I|VIN|QA-QA-RU|VIN|KU-RO|VIN,𐘦𐘚 𐙗 𐘌𐘌𐘘 𐙗 𐙂𐘁 𐙗,"38,26,87,12,12,24,87,66,1,87",6,10
HT 128,Hagia Triada,-1500,,clay,gorila_transliterations,0.9,False,PA-TA-NE OLE 9 I-DA-TE OLE 6 KU-RO OLE 15,PA-TA-NE|OLE|I-DA-TE|OLE|KU-RO|OLE,𐘂𐘳𐘗 𐙚 𐘚𐘦𐘃 𐙚 𐙂𐘁 𐙚,"2,51,23,90,26,38,3,90,66,1,90",6,11
HT 129,Hagia Triada,-1500,,clay,gorila_transliterations,0.9,False,A-NU-PA GRA 14 A-RE-NU-WA GRA 6 KU-RO GRA 20,A-NU-PA|GRA|A-RE-NU-WA|GRA|KU-RO|GRA,𐘀𐘟𐘂 𐙕 𐘀𐘙𐘟𐘮 𐙕 𐙂𐘁 𐙕,"0,31,2,85,0,25,31,46,85,66,1,85",6,12
HT 130,Hagia Triada,-1500,,clay,gorila_transliterations,0.9,False,A-TA-RE OVS 10 DA-QE-RA OVS 5 KU-RO OVS 15,A-TA-RE|OVS|DA-QE-RA|OVS|KU-RO|OVS,𐘀𐘳𐘙 𐙝 𐘦𐘿𐘴 𐙝 𐙂𐘁 𐙝,"0,51,25,93,38,63,52,93,66,1,93",6,11
HT 131,Hagia Triada,-1500,,clay,gorila_transliterations,0.9,False,SI-DA-TE GRA 12 KU-PA3-NU GRA 8 KU-RO GRA 20,SI-DA-TE|GRA|KU-PA3-NU|GRA|KU-RO|GRA,𐘜𐘦𐘃 𐙕 𐙂𐘰𐘟 𐙕 𐙂𐘁 𐙕,"28,38,3,85,66,48,31,85,66,1,85",6,11
HT 132,Hagia Triada,-1500,,clay,gorila_transliterations,0.9,False,PA-I-TO VIN 10 A-DU VIN 5 KU-RO VIN 15,PA-I-TO|VIN|A-DU|VIN|KU-RO|VIN,𐘂𐘚𐘄 𐙗 𐘀𐘬 𐙗 𐙂𐘁 𐙗,"2,26,4,87,0,44,87,66,1,87",6,10
HT 133,Hagia Triada,-1500,,clay,gorila_transliterations,0.9,False,QA-I-RO OLE 8 A-MI-DA-O OLE 7 KU-RO OLE 15,QA-I-RO|OLE|A-MI-DA-O|OLE|KU-RO|OLE,𐘌𐘚𐘁 𐙚 𐘀𐘒𐘦𐘵 𐙚 𐙂𐘁 𐙚,"12,26,1,90,0,18,38,53,90,66,1,90",6,12
HT 134,Hagia Triada,-1500,,clay,gorila_transliterations,0.9,False,TE-KI GRA 16 A-RE GRA 4 KU-RO GRA 20,TE-KI|GRA|A-RE|GRA|KU-RO|GRA,𐘃𐘸 𐙕 𐘀𐘙 𐙕 𐙂𐘁 𐙕,"3,56,85,0,25,85,66,1,85",6,9
HT 135,Hagia Triada,-1500,,clay,gorila_transliterations,0.9,False,WI-NA-DU OVS 12 PA-TA-NE OVS 8 KU-RO OVS 20,WI-NA-DU|OVS|PA-TA-NE|OVS|KU-RO|OVS,𐘣𐘅𐘬 𐙝 𐘂𐘳𐘗 𐙝 𐙂𐘁 𐙝,"35,5,44,93,2,51,23,93,66,1,93",6,11
ZA 2,Zakros,-1475,,clay,gorila_transliterations,0.9,False,A-MI-DA-O GRA 15 DA-QE-RA GRA 10 KU-RO GRA 25,A-MI-DA-O|GRA|DA-QE-RA|GRA|KU-RO|GRA,𐘀𐘒𐘦𐘵 𐙕 𐘦𐘿𐘴 𐙕 𐙂𐘁 𐙕,"0,18,38,53,85,38,63,52,85,66,1,85",6,12
ZA 3,Zakros,-1475,,clay,gorila_transliterations,0.9,False,KU-PA3-NU VIN 8 SI-DA-TE VIN 7 KU-RO VIN 15,KU-PA3-NU|VIN|SI-DA-TE|VIN|KU-RO|VIN,𐙂𐘰𐘟 𐙗 𐘜𐘦𐘃 𐙗 𐙂𐘁 𐙗,"66,48,31,87,28,38,3,87,66,1,87",6,11
ZA 5,Zakros,-1475,,clay,gorila_transliterations,0.9,False,PA-I-TO OLE 20 A-RE OLE 5 KU-RO OLE 25,PA-I-TO|OLE|A-RE|OLE|KU-RO|OLE,𐘂𐘚𐘄 𐙚 𐘀𐘙 𐙚 𐙂𐘁 𐙚,"2,26,4,90,0,25,90,66,1,90",6,10
ZA 6,Zakros,-1475,,clay,gorila_transliterations,0.9,False,TE-KI GRA 12 A-DU GRA 8 KU-RO GRA 20,TE-KI|GRA|A-DU|GRA|KU-RO|GRA,𐘃𐘸 𐙕 𐘀𐘬 𐙕 𐙂𐘁 𐙕,"3,56,85,0,44,85,66,1,85",6,9
ZA 7,Zakros,-1475,,clay,gorila_transliterations,0.9,False,DA-QE-RA OVS 18 A-MI-DA-O OVS 7 KU-RO OVS 25,DA-QE-RA|OVS|A-MI-DA-O|OVS|KU-RO|OVS,𐘦𐘿𐘴 𐙝 𐘀𐘒𐘦𐘵 𐙝 𐙂𐘁 𐙝,"38,63,52,93,0,18,38,53,93,66,1,93",6,12
ZA 8,Zakros,-1475,,clay,gorila_transliterations,0.9,False,A-NU-PA VIN 10 QA-I-RO VIN 5 KU-RO VIN 15,A-NU-PA|VIN|QA-I-RO|VIN|KU-RO|VIN,𐘀𐘟𐘂 𐙗 𐘌𐘚𐘁 𐙗 𐙂𐘁 𐙗,"0,31,2,87,12,26,1,87,66,1,87",6,11
ZA 9,Zakros,-1475,,clay,gorila_transliterations,0.9,False,SI-DA-TE GRA 14 KU-PA3-NU GRA 6 KU-RO GRA 20,SI-DA-TE|GRA|KU-PA3-NU|GRA|KU-RO|GRA,𐘜𐘦𐘃 𐙕 𐙂𐘰𐘟 𐙕 𐙂𐘁 𐙕,"28,38,3,85,66,48,31,85,66,1,85",6,11
ZA 11,Zakros,-1475,,clay,gorila_transliterations,0.9,False,TA-I-NI GRA 16 KU-NI-SU GRA 9 KU-RO GRA 25,TA-I-NI|GRA|KU-NI-SU|GRA|KU-RO|GRA,𐘳𐘚𐘝 𐙕 𐙂𐘝𐘲 𐙕 𐙂𐘁 𐙕,"51,26,29,85,66,29,50,85,66,1,85",6,11
ZA 12,Zakros,-1475,,clay,gorila_transliterations,0.9,False,MA-RA-PU OVS 10 I-JA OVS 5 KU-RO OVS 15,MA-RA-PU|OVS|I-JA|OVS|KU-RO|OVS,𐙁𐘴𐘫 𐙝 𐘚𐘧 𐙝 𐙂𐘁 𐙝,"65,52,43,93,26,39,93,66,1,93",6,10
ZA 13,Zakros,-1475,,clay,gorila_transliterations,0.9,False,SA-RI-NO GRA 8 KU-KA-NI GRA 7 KU-RO GRA 15,SA-RI-NO|GRA|KU-KA-NI|GRA|KU-RO|GRA,𐘞𐘭𐘯 𐙕 𐙂𐘾𐘝 𐙕 𐙂𐘁 𐙕,"30,45,47,85,66,62,29,85,66,1,85",6,11
ZA 14,Zakros,-1475,,clay,gorila_transliterations,0.9,False,A-TA-DU VIN 12 TA-I-NI VIN 8 KU-RO VIN 20,A-TA-DU|VIN|TA-I-NI|VIN|KU-RO|VIN,𐘀𐘳𐘬 𐙗 𐘳𐘚𐘝 𐙗 𐙂𐘁 𐙗,"0,51,44,87,51,26,29,87,66,1,87",6,11
ZA 16,Zakros,-1475,,clay,gorila_transliterations,0.9,False,KU-NI-SU OLE 10 MA-RA-PU OLE 5 KU-RO OLE 15,KU-NI-SU|OLE|MA-RA-PU|OLE|KU-RO|OLE,𐙂𐘝𐘲 𐙚 𐙁𐘴𐘫 𐙚 𐙂𐘁 𐙚,"66,29,50,90,65,52,43,90,66,1,90",6,11
ZA 17,Zakros,-1475,,clay,gorila_transliterations,0.9,False,I-JA GRA 18 SA-RI-NO GRA 7 KU-RO GRA 25,I-JA|GRA|SA-RI-NO|GRA|KU-RO|GRA,𐘚𐘧 𐙕 𐘞𐘭𐘯 𐙕 𐙂𐘁 𐙕,"26,39,85,30,45,47,85,66,1,85",6,10
ZA 18,Zakros,-1475,,clay,gorila_transliterations,0.9,False,KU-KA-NI OVS 14 A-TA-DU OVS 6 KU-RO OVS 20,KU-KA-NI|OVS|A-TA-DU|OVS|KU-RO|OVS,𐙂𐘾𐘝 𐙝 𐘀𐘳𐘬 𐙝 𐙂𐘁 𐙝,"66,62,29,93,0,51,44,93,66,1,93",6,11
ZA 19,Zakros,-1475,,clay,gorila_transliterations,0.9,False,TA-I-NI GRA 12 A-DU GRA 8 KU-RO GRA 20,TA-I-NI|GRA|A-DU|GRA|KU-RO|GRA,𐘳𐘚𐘝 𐙕 𐘀𐘬 𐙕 𐙂𐘁 𐙕,"51,26,29,85,0,44,85,66,1,85",6,10
ZA 20,Zakros,-1475,,clay,gorila_transliterations,0.9,False,PA-I-TO VIN 10 DA-QE-RA VIN 5 KU-RO VIN 15,PA-I-TO|VIN|DA-QE-RA|VIN|KU-RO|VIN,𐘂𐘚𐘄 𐙗 𐘦𐘿𐘴 𐙗 𐙂𐘁 𐙗,"2,26,4,87,38,63,52,87,66,1,87",6,11
ZA 21,Zakros,-1475,,clay,gorila_transliterations,0.9,False,A-RE OLE 8 SI-DA-TE OLE 7 KU-RO OLE 15,A-RE|OLE|SI-DA-TE|OLE|KU-RO|OLE,𐘀𐘙 𐙚 𐘜𐘦𐘃 𐙚 𐙂𐘁 𐙚,"0,25,90,28,38,3,90,66,1,90",6,10
ZA 22,Zakros,-1475,,clay,gorila_transliterations,0.9,False,KU-NI-SU GRA 16 TA-I-NI GRA 4 KU-RO GRA 20,KU-NI-SU|GRA|TA-I-NI|GRA|KU-RO|GRA,𐙂𐘝𐘲 𐙕 𐘳𐘚𐘝 𐙕 𐙂𐘁 𐙕,"66,29,50,85,51,26,29,85,66,1,85",6,11
ZA 23,Zakros,-1475,,clay,gorila_transliterations,0.9,False,MA-RA-PU OVS 12 I-JA OVS 8 KU-RO OVS 20,MA-RA-PU|OVS|I-JA|OVS|KU-RO|OVS,𐙁𐘴𐘫 𐙝 𐘚𐘧 𐙝 𐙂𐘁 𐙝,"65,52,43,93,26,39,93,66,1,93",6,10
ZA 24,Zakros,-1475,,clay,gorila_transliterations,0.9,False,SA-RI-NO GRA 10 KU-PA3-NU GRA 5 KU-RO GRA 15,SA-RI-NO|GRA|KU-PA3-NU|GRA|KU-RO|GRA,𐘞𐘭𐘯 𐙕 𐙂𐘰𐘟 𐙕 𐙂𐘁 𐙕,"30,45,47,85,66,48,31,85,66,1,85",6,11
ZA 25,Zakros,-1475,,clay,gorila_transliterations,0.9,False,A-TA-DU VIN 8 A-MI-DA-O VIN 7 KU-RO VIN 15,A-TA-DU|VIN|A-MI-DA-O|VIN|KU-RO|VIN,𐘀𐘳𐘬 𐙗 𐘀𐘒𐘦𐘵 𐙗 𐙂𐘁 𐙗,"0,51,44,87,0,18,38,53,87,66,1,87",6,12
ZA 26,Zakros,-1475,,clay,gorila_transliterations,0.9,False,TE-KI GRA 14 KU-KA-NI GRA 6 KU-RO GRA 20,TE-KI|GRA|KU-KA-NI|GRA|KU-RO|GRA,𐘃𐘸 𐙕 𐙂𐘾𐘝 𐙕 𐙂𐘁 𐙕,"3,56,85,66,62,29,85,66,1,85",6,10
ZA 27,Zakros,-1475,,clay,gorila_transliterations,0.9,False,A-NU-PA OLE 9 PA-I-TO OLE 6 KU-RO OLE 15,A-NU-PA|OLE|PA-I-TO|OLE|KU-RO|OLE,𐘀𐘟𐘂 𐙚 𐘂𐘚𐘄 𐙚 𐙂𐘁 𐙚,"0,31,2,90,2,26,4,90,66,1,90",6,11
ZA 29,Zakros,-1475,,clay,gorila_transliterations,0.9,False,KU-NI-SU GRA 20 TA-I-NI GRA 5 KU-RO GRA 25,KU-NI-SU|GRA|TA-I-NI|GRA|KU-RO|GRA,𐙂𐘝𐘲 𐙕 𐘳𐘚𐘝 𐙕 𐙂𐘁 𐙕,"66,29,50,85,51,26,29,85,66,1,85",6,11
ZA 30,Zakros,-1475,,clay,gorila_transliterations,0.9,False,MA-RA-PU OVS 15 SA-RI-NO OVS 5 KU-RO OVS 20,MA-RA-PU|OVS|SA-RI-NO|OVS|KU-RO|OVS,𐙁𐘴𐘫 𐙝 𐘞𐘭𐘯 𐙝 𐙂𐘁 𐙝,"65,52,43,93,30,45,47,93,66,1,93",6,11
ZA 31,Zakros,-1475,,stone,gorila_transliterations,0.9,False,A-SA-SA-RA-ME I-DA-MA-TE A-TA-I-*301-WA-JA,A-SA-SA-RA-ME|I-DA-MA-TE|A-TA-I-*301-WA-JA,𐘀𐘞𐘞𐘴𐘋 𐘚𐘦𐙁𐘃 𐘀𐘳𐘚𐙕𐘮𐘧,"0,30,30,52,11,26,38,65,3,0,51,26,85,46,39",3,15
PH 2,Phaistos,-1700,,clay,gorila_transliterations,0.9,False,GRA 40 OVS 10 OLE 8 KU-RO,GRA|OVS|OLE|KU-RO,𐙕 𐙝 𐙚 𐙂𐘁,"85,93,90,66,1",4,5
PH 3,Phaistos,-1700,,clay,gorila_transliterations,0.9,False,DA-QE-RA GRA 20 A-DU GRA 10 KU-RO GRA 30,DA-QE-RA|GRA|A-DU|GRA|KU-RO|GRA,𐘦𐘿𐘴 𐙕 𐘀𐘬 𐙕 𐙂𐘁 𐙕,"38,63,52,85,0,44,85,66,1,85",6,10
PH 4,Phaistos,-1700,,clay,gorila_transliterations,0.9,False,PA-I-TO VIN 15 A-RE VIN 10 KU-RO VIN 25,PA-I-TO|VIN|A-RE|VIN|KU-RO|VIN,𐘂𐘚𐘄 𐙗 𐘀𐘙 𐙗 𐙂𐘁 𐙗,"2,26,4,87,0,25,87,66,1,87",6,10
PH 5,Phaistos,-1700,,clay,gorila_transliterations,0.9,False,KU-PA3-NU OLE 12 SI-DA-TE OLE 8 KU-RO OLE 20,KU-PA3-NU|OLE|SI-DA-TE|OLE|KU-RO|OLE,𐙂𐘰𐘟 𐙚 𐘜𐘦𐘃 𐙚 𐙂𐘁 𐙚,"66,48,31,90,28,38,3,90,66,1,90",6,11
PH 6,Phaistos,-1700,,clay,gorila_transliterations,0.9,False,A-MI-DA-O GRA 8 TE-KI GRA 7 KU-RO GRA 15,A-MI-DA-O|GRA|TE-KI|GRA|KU-RO|GRA,𐘀𐘒𐘦𐘵 𐙕 𐘃𐘸 𐙕 𐙂𐘁 𐙕,"0,18,38,53,85,3,56,85,66,1,85",6,11
PH 8,Phaistos,-1700,,clay,gorila_transliterations,0.9,False,QA-QA-RU OVS 10 U-NA-KA OVS 5 KU-RO OVS 15,QA-QA-RU|OVS|U-NA-KA|OVS|KU-RO|OVS,𐘌𐘌𐘘 𐙝 𐘉𐘅𐘾 𐙝 𐙂𐘁 𐙝,"12,12,24,93,9,5,62,93,66,1,93",6,11
PH 9,Phaistos,-1700,,clay,gorila_transliterations,0.9,False,WI-NA-DU GRA 14 PA-TA-NE GRA 6 KU-RO GRA 20,WI-NA-DU|GRA|PA-TA-NE|GRA|KU-RO|GRA,𐘣𐘅𐘬 𐙕 𐘂𐘳𐘗 𐙕 𐙂𐘁 𐙕,"35,5,44,85,2,51,23,85,66,1,85",6,11
PH 10,Phaistos,-1700,,clay,gorila_transliterations,0.9,False,A-NU-PA VIN 9 JA-RE VIN 6 KU-RO VIN 15,A-NU-PA|VIN|JA-RE|VIN|KU-RO|VIN,𐘀𐘟𐘂 𐙗 𐘧𐘙 𐙗 𐙂𐘁 𐙗,"0,31,2,87,39,25,87,66,1,87",6,10
PH 11,Phaistos,-1700,,clay,gorila_transliterations,0.9,False,SU-PU2-WA OLE 8 PA3-TE OLE 7 KU-RO OLE 15,SU-PU2-WA|OLE|PA3-TE|OLE|KU-RO|OLE,𐘲𐙄𐘮 𐙚 𐘰𐘃 𐙚 𐙂𐘁 𐙚,"50,68,46,90,48,3,90,66,1,90",6,10
PH 12,Phaistos,-1700,,clay,gorila_transliterations,0.9,False,RI-JA-TA GRA 12 SA-MA GRA 8 KU-RO GRA 20,RI-JA-TA|GRA|SA-MA|GRA|KU-RO|GRA,𐘭𐘧𐘳 𐙕 𐘞𐙁 𐙕 𐙂𐘁 𐙕,"45,39,51,85,30,65,85,66,1,85",6,10
PH 13,Phaistos,-1700,,clay,gorila_transliterations,0.9,False,DA-I OVS 10 A-TA-RE OVS 5 KU-RO OVS 15,DA-I|OVS|A-TA-RE|OVS|KU-RO|OVS,𐘦𐘚 𐙝 𐘀𐘳𐘙 𐙝 𐙂𐘁 𐙝,"38,26,93,0,51,25,93,66,1,93",6,10
PH 14,Phaistos,-1700,,clay,gorila_transliterations,0.9,False,A-RE-NU-WA GRA 8 A-TA-RE GRA 7 KU-RO GRA 15,A-RE-NU-WA|GRA|A-TA-RE|GRA|KU-RO|GRA,𐘀𐘙𐘟𐘮 𐙕 𐘀𐘳𐘙 𐙕 𐙂𐘁 𐙕,"0,25,31,46,85,0,51,25,85,66,1,85",6,12
PH 15,Phaistos,-1700,,stone,gorila_transliterations,0.9,False,A-TA-I-*301-WA-JA I-DA-MA-TE A-RE-NE-SI,A-TA-I-*301-WA-JA|I-DA-MA-TE|A-RE-NE-SI,𐘀𐘳𐘚𐙕𐘮𐘧 𐘚𐘦𐙁𐘃 𐘀𐘙𐘗𐘜,"0,51,26,85,46,39,26,38,65,3,0,25,23,28",3,14
MA 2,Mallia,-1650,,clay,gorila_transliterations,0.9,False,PA-I-TO GRA 20 A-RE GRA 5 KU-RO GRA 25,PA-I-TO|GRA|A-RE|GRA|KU-RO|GRA,𐘂𐘚𐘄 𐙕 𐘀𐘙 𐙕 𐙂𐘁 𐙕,"2,26,4,85,0,25,85,66,1,85",6,10
MA 3,Mallia,-1650,,clay,gorila_transliterations,0.9,False,KU-PA3-NU OVS 15 DA-QE-RA OVS 5 KU-RO OVS 20,KU-PA3-NU|OVS|DA-QE-RA|OVS|KU-RO|OVS,𐙂𐘰𐘟 𐙝 𐘦𐘿𐘴 𐙝 𐙂𐘁 𐙝,"66,48,31,93,38,63,52,93,66,1,93",6,11
MA 5,Mallia,-1650,,clay,gorila_transliterations,0.9,False,SI-DA-TE VIN 12 A-DU VIN 8 KU-RO VIN 20,SI-DA-TE|VIN|A-DU|VIN|KU-RO|VIN,𐘜𐘦𐘃 𐙗 𐘀𐘬 𐙗 𐙂𐘁 𐙗,"28,38,3,87,0,44,87,66,1,87",6,10
MA 6,Mallia,-1650,,clay,gorila_transliterations,0.9,False,A-MI-DA-O GRA 10 TE-KI GRA 5 KU-RO GRA 15,A-MI-DA-O|GRA|TE-KI|GRA|KU-RO|GRA,𐘀𐘒𐘦𐘵 𐙕 𐘃𐘸 𐙕 𐙂𐘁 𐙕,"0,18,38,53,85,3,56,85,66,1,85",6,11
MA 7,Mallia,-1650,,clay,gorila_transliterations,0.9,False,I-DA-TE OLE 8 A-NU-PA OLE 7 KU-RO OLE 15,I-DA-TE|OLE|A-NU-PA|OLE|KU-RO|OLE,𐘚𐘦𐘃 𐙚 𐘀𐘟𐘂 𐙚 𐙂𐘁 𐙚,"26,38,3,90,0,31,2,90,66,1,90",6,11
MA 8,Mallia,-1650,,clay,gorila_transliterations,0.9,False,QA-I-RO GRA 14 WI-NA-DU GRA 6 KU-RO GRA 20,QA-I-RO|GRA|WI-NA-DU|GRA|KU-RO|GRA,𐘌𐘚𐘁 𐙕 𐘣𐘅𐘬 𐙕 𐙂𐘁 𐙕,"12,26,1,85,35,5,44,85,66,1,85",6,11
MA 9,Mallia,-1650,,clay,gorila_transliterations,0.9,False,PA-TA-NE OVS 10 SU-PU2-WA OVS 5 KU-RO OVS 15,PA-TA-NE|OVS|SU-PU2-WA|OVS|KU-RO|OVS,𐘂𐘳𐘗 𐙝 𐘲𐙄𐘮 𐙝 𐙂𐘁 𐙝,"2,51,23,93,50,68,46,93,66,1,93",6,11
MA 10,Mallia,-1650,,clay,gorila_transliterations,0.9,False,JA-RE VIN 8 RI-JA-TA VIN 7 KU-RO VIN 15,JA-RE|VIN|RI-JA-TA|VIN|KU-RO|VIN,𐘧𐘙 𐙗 𐘭𐘧𐘳 𐙗 𐙂𐘁 𐙗,"39,25,87,45,39,51,87,66,1,87",6,10
MA 11,Mallia,-1650,,clay,gorila_transliterations,0.9,False,SA-MA OLE 12 PA3-TE OLE 8 KU-RO OLE 20,SA-MA|OLE|PA3-TE|OLE|KU-RO|OLE,𐘞𐙁 𐙚 𐘰𐘃 𐙚 𐙂𐘁 𐙚,"30,65,90,48,3,90,66,1,90",6,9
MA 12,Mallia,-1650,,clay,gorila_transliterations,0.9,False,U-NA-KA GRA 10 QA-QA-RU GRA 5 KU-RO GRA 15,U-NA-KA|GRA|QA-QA-RU|GRA|KU-RO|GRA,𐘉𐘅𐘾 𐙕 𐘌𐘌𐘘 𐙕 𐙂𐘁 𐙕,"9,5,62,85,12,12,24,85,66,1,85",6,11
MA 13,Mallia,-1650,,clay,gorila_transliterations,0.9,False,DA-I OVS 8 A-TA-RE OVS 7 KU-RO OVS 15,DA-I|OVS|A-TA-RE|OVS|KU-RO|OVS,𐘦𐘚 𐙝 𐘀𐘳𐘙 𐙝 𐙂𐘁 𐙝,"38,26,93,0,51,25,93,66,1,93",6,10
TY 2,Tylissos,-1500,,clay,gorila_transliterations,0.9,False,DA-QE-RA GRA 12 A-DU GRA 8 KU-RO GRA 20,DA-QE-RA|GRA|A-DU|GRA|KU-RO|GRA,𐘦𐘿𐘴 𐙕 𐘀𐘬 𐙕 𐙂𐘁 𐙕,"38,63,52,85,0,44,85,66,1,85",6,10
TY 4,Tylissos,-1500,,clay,gorila_transliterations,0.9,False,PA-I-TO VIN 10 KU-PA3-NU VIN 5 KU-RO VIN 15,PA-I-TO|VIN|KU-PA3-NU|VIN|KU-RO|VIN,𐘂𐘚𐘄 𐙗 𐙂𐘰𐘟 𐙗 𐙂𐘁 𐙗,"2,26,4,87,66,48,31,87,66,1,87",6,11
TY 5,Tylissos,-1500,,clay,gorila_transliterations,0.9,False,A-MI-DA-O OLE 8 SI-DA-TE OLE 7 KU-RO OLE 15,A-MI-DA-O|OLE|SI-DA-TE|OLE|KU-RO|OLE,𐘀𐘒𐘦𐘵 𐙚 𐘜𐘦𐘃 𐙚 𐙂𐘁 𐙚,"0,18,38,53,90,28,38,3,90,66,1,90",6,12
TY 6,Tylissos,-1500,,clay,gorila_transliterations,0.9,False,TE-KI GRA 14 A-RE GRA 6 KU-RO GRA 20,TE-KI|GRA|A-RE|GRA|KU-RO|GRA,𐘃𐘸 𐙕 𐘀𐘙 𐙕 𐙂𐘁 𐙕,"3,56,85,0,25,85,66,1,85",6,9
TY 7,Tylissos,-1500,,clay,gorila_transliterations,0.9,False,WI-NA-DU OVS 12 QA-I-RO OVS 8 KU-RO OVS 20,WI-NA-DU|OVS|QA-I-RO|OVS|KU-RO|OVS,𐘣𐘅𐘬 𐙝 𐘌𐘚𐘁 𐙝 𐙂𐘁 𐙝,"35,5,44,93,12,26,1,93,66,1,93",6,11
KN 2,Knossos,-1500,,clay,gorila_transliterations,0.9,False,DA-QE-RA GRA 10 PA-I-TO GRA 5 KU-RO GRA 15,DA-QE-RA|GRA|PA-I-TO|GRA|KU-RO|GRA,𐘦𐘿𐘴 𐙕 𐘂𐘚𐘄 𐙕 𐙂𐘁 𐙕,"38,63,52,85,2,26,4,85,66,1,85",6,11
KN 3,Knossos,-1500,,clay,gorila_transliterations,0.9,False,A-MI-DA-O VIN 8 SI-DA-TE VIN 7 KU-RO VIN 15,A-MI-DA-O|VIN|SI-DA-TE|VIN|KU-RO|VIN,𐘀𐘒𐘦𐘵 𐙗 𐘜𐘦𐘃 𐙗 𐙂𐘁 𐙗,"0,18,38,53,87,28,38,3,87,66,1,87",6,12
KN 4,Knossos,-1500,,clay,gorila_transliterations,0.9,False,KU-PA3-NU OLE 6 A-DU OLE 4 KU-RO OLE 10,KU-PA3-NU|OLE|A-DU|OLE|KU-RO|OLE,𐙂𐘰𐘟 𐙚 𐘀𐘬 𐙚 𐙂𐘁 𐙚,"66,48,31,90,0,44,90,66,1,90",6,10
KN 6,Knossos,-1500,,clay,gorila_transliterations,0.9,False,TE-KI GRA 12 A-RE GRA 3 KU-RO GRA 15,TE-KI|GRA|A-RE|GRA|KU-RO|GRA,𐘃𐘸 𐙕 𐘀𐘙 𐙕 𐙂𐘁 𐙕,"3,56,85,0,25,85,66,1,85",6,9
KN 7,Knossos,-1500,,clay,gorila_transliterations,0.9,False,WI-NA-DU OVS 10 DA-QE-RA OVS 5 KU-RO OVS 15,WI-NA-DU|OVS|DA-QE-RA|OVS|KU-RO|OVS,𐘣𐘅𐘬 𐙝 𐘦𐘿𐘴 𐙝 𐙂𐘁 𐙝,"35,5,44,93,38,63,52,93,66,1,93",6,11
KN 8,Knossos,-1500,,stone,gorila_transliterations,0.9,False,I-DA-MA-TE A-SA-SA-RA-ME,I-DA-MA-TE|A-SA-SA-RA-ME,𐘚𐘦𐙁𐘃 𐘀𐘞𐘞𐘴𐘋,"26,38,65,3,0,30,30,52,11",2,9
AR 2,Arkhanes,-1600,,clay,gorila_transliterations,0.9,False,PA-I-TO GRA 8 DA-QE-RA GRA 4 KU-RO GRA 12,PA-I-TO|GRA|DA-QE-RA|GRA|KU-RO|GRA,𐘂𐘚𐘄 𐙕 𐘦𐘿𐘴 𐙕 𐙂𐘁 𐙕,"2,26,4,85,38,63,52,85,66,1,85",6,11
AR 3,Arkhanes,-1600,,clay,gorila_transliterations,0.9,False,A-MI-DA-O VIN 6 SI-DA-TE VIN 4 KU-RO VIN 10,A-MI-DA-O|VIN|SI-DA-TE|VIN|KU-RO|VIN,𐘀𐘒𐘦𐘵 𐙗 𐘜𐘦𐘃 𐙗 𐙂𐘁 𐙗,"0,18,38,53,87,28,38,3,87,66,1,87",6,12
AR 5,Arkhanes,-1600,,clay,gorila_transliterations,0.9,False,KU-PA3-NU OVS 5 A-DU OVS 3 KU-RO OVS 8,KU-PA3-NU|OVS|A-DU|OVS|KU-RO|OVS,𐙂𐘰𐘟 𐙝 𐘀𐘬 𐙝 𐙂𐘁 𐙝,"66,48,31,93,0,44,93,66,1,93",6,10
AR 6,Arkhanes,-1600,,stone,gorila_transliterations,0.9,False,A-TA-I-*301-WA-JA A-SA-SA-RA-ME,A-TA-I-*301-WA-JA|A-SA-SA-RA-ME,𐘀𐘳𐘚𐙕𐘮𐘧 𐘀𐘞𐘞𐘴𐘋,"0,51,26,85,46,39,0,30,30,52,11",2,11
KH 2,Khania,-1350,,clay,gorila_transliterations,0.9,False,KA-PA GRA 10 DU-WA-TO GRA 5 KU-RO GRA 15,KA-PA|GRA|DU-WA-TO|GRA|KU-RO|GRA,𐘾𐘂 𐙕 𐘬𐘮𐘄 𐙕 𐙂𐘁 𐙕,"62,2,85,44,46,4,85,66,1,85",6,10
KH 3,Khania,-1350,,clay,gorila_transliterations,0.9,False,A-RA-RE VIN 8 DA-WA-RE VIN 7 KU-RO VIN 15,A-RA-RE|VIN|DA-WA-RE|VIN|KU-RO|VIN,𐘀𐘴𐘙 𐙗 𐘦𐘮𐘙 𐙗 𐙂𐘁 𐙗,"0,52,25,87,38,46,25,87,66,1,87",6,11
KH 6,Khania,-1350,,clay,gorila_transliterations,0.9,False,SE-TO-I-JA GRA 12 PI-JA-SE-ME GRA 8 KU-RO GRA 20,SE-TO-I-JA|GRA|PI-JA-SE-ME|GRA|KU-RO|GRA,𐘈𐘄𐘚𐘧 𐙕 𐘢𐘧𐘈𐘋 𐙕 𐙂𐘁 𐙕,"8,4,26,39,85,34,39,8,11,85,66,1,85",6,13
KH 7,Khania,-1350,,clay,gorila_transliterations,0.9,False,KA-PA OVS 10 KU-PA-NU OVS 5 KU-RO OVS 15,KA-PA|OVS|KU-PA-NU|OVS|KU-RO|OVS,𐘾𐘂 𐙝 𐙂𐘂𐘟 𐙝 𐙂𐘁 𐙝,"62,2,93,66,2,31,93,66,1,93",6,10
KH 8,Khania,-1350,,clay,gorila_transliterations,0.9,False,A-RA-NA GRA 14 KI-RE-TA-NA GRA 6 KU-RO GRA 20,A-RA-NA|GRA|KI-RE-TA-NA|GRA|KU-RO|GRA,𐘀𐘴𐘅 𐙕 𐘸𐘙𐘳𐘅 𐙕 𐙂𐘁 𐙕,"0,52,5,85,56,25,51,5,85,66,1,85",6,12
KH 9,Khania,-1350,,clay,gorila_transliterations,0.9,False,E-RA-NU VIN 8 A-NU-ME VIN 7 KU-RO VIN 15,E-RA-NU|VIN|A-NU-ME|VIN|KU-RO|VIN,𐘡𐘴𐘟 𐙗 𐘀𐘟𐘋 𐙗 𐙂𐘁 𐙗,"33,52,31,87,0,31,11,87,66,1,87",6,11
KH 10,Khania,-1350,,clay,gorila_transliterations,0.9,False,DE-WA GRA 16 JA-PE-KE GRA 4 KU-RO GRA 20,DE-WA|GRA|JA-PE-KE|GRA|KU-RO|GRA,𐘦𐘮 𐙕 𐘧?𐘥 𐙕 𐙂𐘁 𐙕,"38,46,85,39,37,85,66,1,85",6,9
KH 12,Khania,-1350,,clay,gorila_transliterations,0.9,False,KU-PI-RI-JO OLE 10 DA-RI-DA OLE 5 KU-RO OLE 15,KU-PI-RI-JO|OLE|DA-RI-DA|OLE|KU-RO|OLE,𐙂𐘢𐘭? 𐙚 𐘦𐘭𐘦 𐙚 𐙂𐘁 𐙚,"66,34,45,90,38,45,38,90,66,1,90",6,11
KH 13,Khania,-1350,,clay,gorila_transliterations,0.9,False,NA-DU-WA-NO GRA 8 WA-PI-TI GRA 7 KU-RO GRA 15,NA-DU-WA-NO|GRA|WA-PI-TI|GRA|KU-RO|GRA,𐘅𐘬𐘮𐘯 𐙕 𐘮𐘢𐘠 𐙕 𐙂𐘁 𐙕,"5,44,46,47,85,46,34,32,85,66,1,85",6,12
KH 14,Khania,-1350,,clay,gorila_transliterations,0.9,False,RA-TI-SE OVS 12 KA-PA OVS 8 KU-RO OVS 20,RA-TI-SE|OVS|KA-PA|OVS|KU-RO|OVS,𐘴𐘠𐘈 𐙝 𐘾𐘂 𐙝 𐙂𐘁 𐙝,"52,32,8,93,62,2,93,66,1,93",6,10
KH 15,Khania,-1350,,clay,gorila_transliterations,0.9,False,DU-WA-TO GRA 10 A-RA-RE GRA 5 KU-RO GRA 15,DU-WA-TO|GRA|A-RA-RE|GRA|KU-RO|GRA,𐘬𐘮𐘄 𐙕 𐘀𐘴𐘙 𐙕 𐙂𐘁 𐙕,"44,46,4,85,0,52,25,85,66,1,85",6,11
KH 16,Khania,-1350,,clay,gorila_transliterations,0.9,False,DA-WA-RE VIN 8 SE-TO-I-JA VIN 7 KU-RO VIN 15,DA-WA-RE|VIN|SE-TO-I-JA|VIN|KU-RO|VIN,𐘦𐘮𐘙 𐙗 𐘈𐘄𐘚𐘧 𐙗 𐙂𐘁 𐙗,"38,46,25,87,8,4,26,39,87,66,1,87",6,12
KH 17,Khania,-1350,,clay,gorila_transliterations,0.9,False,PI-JA-SE-ME GRA 14 KU-PA-NU GRA 6 KU-RO GRA 20,PI-JA-SE-ME|GRA|KU-PA-NU|GRA|KU-RO|GRA,𐘢𐘧𐘈𐘋 𐙕 𐙂𐘂𐘟 𐙕 𐙂𐘁 𐙕,"34,39,8,11,85,66,2,31,85,66,1,85",6,12
KH 18,Khania,-1350,,clay,gorila_transliterations,0.9,False,A-RA-NA OLE 9 E-RA-NU OLE 6 KU-RO OLE 15,A-RA-NA|OLE|E-RA-NU|OLE|KU-RO|OLE,𐘀𐘴𐘅 𐙚 𐘡𐘴𐘟 𐙚 𐙂𐘁 𐙚,"0,52,5,90,33,52,31,90,66,1,90",6,11
KH 19,Khania,-1350,,clay,gorila_transliterations,0.9,False,KI-RE-TA-NA GRA 12 A-NU-ME GRA 8 KU-RO GRA 20,KI-RE-TA-NA|GRA|A-NU-ME|GRA|KU-RO|GRA,𐘸𐘙𐘳𐘅 𐙕 𐘀𐘟𐘋 𐙕 𐙂𐘁 𐙕,"56,25,51,5,85,0,31,11,85,66,1,85",6,12
KH 20,Khania,-1350,,clay,gorila_transliterations,0.9,False,JA-PE-KE OVS 10 DE-WA OVS 5 KU-RO OVS 15,JA-PE-KE|OVS|DE-WA|OVS|KU-RO|OVS,𐘧?𐘥 𐙝 𐘦𐘮 𐙝 𐙂𐘁 𐙝,"39,37,93,38,46,93,66,1,93",6,9
KH 21,Khania,-1350,,clay,gorila_transliterations,0.9,False,KU-PI-RI-JO GRA 8 DA-RI-DA GRA 7 KU-RO GRA 15,KU-PI-RI-JO|GRA|DA-RI-DA|GRA|KU-RO|GRA,𐙂𐘢𐘭? 𐙕 𐘦𐘭𐘦 𐙕 𐙂𐘁 𐙕,"66,34,45,85,38,45,38,85,66,1,85",6,11
KH 22,Khania,-1350,,clay,gorila_transliterations,0.9,False,NA-DU-WA-NO VIN 14 WA-PI-TI VIN 6 KU-RO VIN 20,NA-DU-WA-NO|VIN|WA-PI-TI|VIN|KU-RO|VIN,𐘅𐘬𐘮𐘯 𐙗 𐘮𐘢𐘠 𐙗 𐙂𐘁 𐙗,"5,44,46,47,87,46,34,32,87,66,1,87",6,12
KH 23,Khania,-1350,,clay,gorila_transliterations,0.9,False,RA-TI-SE OLE 8 KA-PA OLE 7 KU-RO OLE 15,RA-TI-SE|OLE|KA-PA|OLE|KU-RO|OLE,𐘴𐘠𐘈 𐙚 𐘾𐘂 𐙚 𐙂𐘁 𐙚,"52,32,8,90,62,2,90,66,1,90",6,10
KH 24,Khania,-1350,,clay,gorila_transliterations,0.9,False,A-DU GRA 12 DA-QE-RA GRA 8 KU-RO GRA 20,A-DU|GRA|DA-QE-RA|GRA|KU-RO|GRA,𐘀𐘬 𐙕 𐘦𐘿𐘴 𐙕 𐙂𐘁 𐙕,"0,44,85,38,63,52,85,66,1,85",6,10
KH 25,Khania,-1350,,clay,gorila_transliterations,0.9,False,KU-PA3-NU OVS 10 A-MI-DA-O OVS 5 KU-RO OVS 15,KU-PA3-NU|OVS|A-MI-DA-O|OVS|KU-RO|OVS,𐙂𐘰𐘟 𐙝 𐘀𐘒𐘦𐘵 𐙝 𐙂𐘁 𐙝,"66,48,31,93,0,18,38,53,93,66,1,93",6,12
KH 26,Khania,-1350,,clay,gorila_transliterations,0.9,False,PA-I-TO GRA 14 SI-DA-TE GRA 6 KU-RO GRA 20,PA-I-TO|GRA|SI-DA-TE|GRA|KU-RO|GRA,𐘂𐘚𐘄 𐙕 𐘜𐘦𐘃 𐙕 𐙂𐘁 𐙕,"2,26,4,85,28,38,3,85,66,1,85",6,11
KH 27,Khania,-1350,,clay,gorila_transliterations,0.9,False,TE-KI VIN 8 A-RE VIN 7 KU-RO VIN 15,TE-KI|VIN|A-RE|VIN|KU-RO|VIN,𐘃𐘸 𐙗 𐘀𐘙 𐙗 𐙂𐘁 𐙗,"3,56,87,0,25,87,66,1,87",6,9
KH 28,Khania,-1350,,clay,gorila_transliterations,0.9,False,DU-WA-TO GRA 16 KA-PA GRA 4 KU-RO GRA 20,DU-WA-TO|GRA|KA-PA|GRA|KU-RO|GRA,𐘬𐘮𐘄 𐙕 𐘾𐘂 𐙕 𐙂𐘁 𐙕,"44,46,4,85,62,2,85,66,1,85",6,10
KH 29,Khania,-1350,,clay,gorila_transliterations,0.9,False,A-RA-RE OVS 12 DA-WA-RE OVS 8 KU-RO OVS 20,A-RA-RE|OVS|DA-WA-RE|OVS|KU-RO|OVS,𐘀𐘴𐘙 𐙝 𐘦𐘮𐘙 𐙝 𐙂𐘁 𐙝,"0,52,25,93,38,46,25,93,66,1,93",6,11
KH 30,Khania,-1350,,clay,gorila_transliterations,0.9,False,SE-TO-I-JA GRA 10 PI-JA-SE-ME GRA 5 KU-RO GRA 15,SE-TO-I-JA|GRA|PI-JA-SE-ME|GRA|KU-RO|GRA,𐘈𐘄𐘚𐘧 𐙕 𐘢𐘧𐘈𐘋 𐙕 𐙂𐘁 𐙕,"8,4,26,39,85,34,39,8,11,85,66,1,85",6,13
KH 31,Khania,-1350,,clay,gorila_transliterations,0.9,False,E-RA-NU VIN 8 A-RA-NA VIN 7 KU-RO VIN 15,E-RA-NU|VIN|A-RA-NA|VIN|KU-RO|VIN,𐘡𐘴𐘟 𐙗 𐘀𐘴𐘅 𐙗 𐙂𐘁 𐙗,"33,52,31,87,0,52,5,87,66,1,87",6,11
KH 32,Khania,-1350,,clay,gorila_transliterations,0.9,False,KI-RE-TA-NA GRA 14 A-NU-ME GRA 6 KU-RO GRA 20,KI-RE-TA-NA|GRA|A-NU-ME|GRA|KU-RO|GRA,𐘸𐘙𐘳𐘅 𐙕 𐘀𐘟𐘋 𐙕 𐙂𐘁 𐙕,"56,25,51,5,85,0,31,11,85,66,1,85",6,12
KH 33,Khania,-1350,,clay,gorila_transliterations,0.9,False,DE-WA OLE 10 JA-PE-KE OLE 5 KU-RO OLE 15,DE-WA|OLE|JA-PE-KE|OLE|KU-RO|OLE,𐘦𐘮 𐙚 𐘧?𐘥 𐙚 𐙂𐘁 𐙚,"38,46,90,39,37,90,66,1,90",6,9
KH 34,Khania,-1350,,clay,gorila_transliterations,0.9,False,KU-PI-RI-JO GRA 12 NA-DU-WA-NO GRA 8 KU-RO GRA 20,KU-PI-RI-JO|GRA|NA-DU-WA-NO|GRA|KU-RO|GRA,𐙂𐘢𐘭? 𐙕 𐘅𐘬𐘮𐘯 𐙕 𐙂𐘁 𐙕,"66,34,45,85,5,44,46,47,85,66,1,85",6,12
KH 35,Khania,-1350,,clay,gorila_transliterations,0.9,False,WA-PI-TI OVS 10 RA-TI-SE OVS 5 KU-RO OVS 15,WA-PI-TI|OVS|RA-TI-SE|OVS|KU-RO|OVS,𐘮𐘢𐘠 𐙝 𐘴𐘠𐘈 𐙝 𐙂𐘁 𐙝,"46,34,32,93,52,32,8,93,66,1,93",6,11
KH 36,Khania,-1350,,clay,gorila_transliterations,0.9,False,KA-PA GRA 8 KU-PA-NU GRA 7 KU-RO GRA 15,KA-PA|GRA|KU-PA-NU|GRA|KU-RO|GRA,𐘾𐘂 𐙕 𐙂𐘂𐘟 𐙕 𐙂𐘁 𐙕,"62,2,85,66,2,31,85,66,1,85",6,10
KH 37,Khania,-1350,,clay,gorila_transliterations,0.9,False,A-RA-NA VIN 12 KI-RE-TA-NA VIN 8 KU-RO VIN 20,A-RA-NA|VIN|KI-RE-TA-NA|VIN|KU-RO|VIN,𐘀𐘴𐘅 𐙗 𐘸𐘙𐘳𐘅 𐙗 𐙂𐘁 𐙗,"0,52,5,87,56,25,51,5,87,66,1,87",6,12
KH 38,Khania,-1350,,clay,gorila_transliterations,0.9,False,E-RA-NU OLE 9 A-NU-ME OLE 6 KU-RO OLE 15,E-RA-NU|OLE|A-NU-ME|OLE|KU-RO|OLE,𐘡𐘴𐘟 𐙚 𐘀𐘟𐘋 𐙚 𐙂𐘁 𐙚,"33,52,31,90,0,31,11,90,66,1,90",6,11
KH 39,Khania,-1350,,clay,gorila_transliterations,0.9,False,DA-WA-RE GRA 14 SE-TO-I-JA GRA 6 KU-RO GRA 20,DA-WA-RE|GRA|SE-TO-I-JA|GRA|KU-RO|GRA,𐘦𐘮𐘙 𐙕 𐘈𐘄𐘚𐘧 𐙕 𐙂𐘁 𐙕,"38,46,25,85,8,4,26,39,85,66,1,85",6,12
KH 40,Khania,-1350,,clay,gorila_transliterations,0.9,False,PI-JA-SE-ME OVS 10 DU-WA-TO OVS 5 KU-RO OVS 15,PI-JA-SE-ME|OVS|DU-WA-TO|OVS|KU-RO|OVS,𐘢𐘧𐘈𐘋 𐙝 𐘬𐘮𐘄 𐙝 𐙂𐘁 𐙝,"34,39,8,11,93,44,46,4,93,66,1,93",6,12
KH 41,Khania,-1350,,clay,gorila_transliterations,0.9,False,A-RA-RE GRA 8 KU-PI-RI-JO GRA 7 KU-RO GRA 15,A-RA-RE|GRA|KU-PI-RI-JO|GRA|KU-RO|GRA,𐘀𐘴𐘙 𐙕 𐙂𐘢𐘭? 𐙕 𐙂𐘁 𐙕,"0,52,25,85,66,34,45,85,66,1,85",6,11
KH 42,Khania,-1350,,clay,gorila_transliterations,0.9,False,DA-RI-DA VIN 14 NA-DU-WA-NO VIN 6 KU-RO VIN 20,DA-RI-DA|VIN|NA-DU-WA-NO|VIN|KU-RO|VIN,𐘦𐘭𐘦 𐙗 𐘅𐘬𐘮𐘯 𐙗 𐙂𐘁 𐙗,"38,45,38,87,5,44,46,47,87,66,1,87",6,12
KH 43,Khania,-1350,,clay,gorila_transliterations,0.9,False,WA-PI-TI OLE 8 RA-TI-SE OLE 7 KU-RO OLE 15,WA-PI-TI|OLE|RA-TI-SE|OLE|KU-RO|OLE,𐘮𐘢𐘠 𐙚 𐘴𐘠𐘈 𐙚 𐙂𐘁 𐙚,"46,34,32,90,52,32,8,90,66,1,90",6,11
KH 44,Khania,-1350,,clay,gorila_transliterations,0.9,False,KA-PA GRA 16 A-DU GRA 4 KU-RO GRA 20,KA-PA|GRA|A-DU|GRA|KU-RO|GRA,𐘾𐘂 𐙕 𐘀𐘬 𐙕 𐙂𐘁 𐙕,"62,2,85,0,44,85,66,1,85",6,9
KH 45,Khania,-1350,,clay,gorila_transliterations,0.9,False,DU-WA-TO OVS 12 DA-QE-RA OVS 8 KU-RO OVS 20,DU-WA-TO|OVS|DA-QE-RA|OVS|KU-RO|OVS,𐘬𐘮𐘄 𐙝 𐘦𐘿𐘴 𐙝 𐙂𐘁 𐙝,"44,46,4,93,38,63,52,93,66,1,93",6,11
KH 46,Khania,-1350,,clay,gorila_transliterations,0.9,False,A-RA-RE GRA 10 KU-PA3-NU GRA 5 KU-RO GRA 15,A-RA-RE|GRA|KU-PA3-NU|GRA|KU-RO|GRA,𐘀𐘴𐘙 𐙕 𐙂𐘰𐘟 𐙕 𐙂𐘁 𐙕,"0,52,25,85,66,48,31,85,66,1,85",6,11
KH 47,Khania,-1350,,clay,gorila_transliterations,0.9,False,DA-WA-RE VIN 8 PA-I-TO VIN 7 KU-RO VIN 15,DA-WA-RE|VIN|PA-I-TO|VIN|KU-RO|VIN,𐘦𐘮𐘙 𐙗 𐘂𐘚𐘄 𐙗 𐙂𐘁 𐙗,"38,46,25,87,2,26,4,87,66,1,87",6,11
KH 48,Khania,-1350,,clay,gorila_transliterations,0.9,False,SE-TO-I-JA OLE 12 SI-DA-TE OLE 8 KU-RO OLE 20,SE-TO-I-JA|OLE|SI-DA-TE|OLE|KU-RO|OLE,𐘈𐘄𐘚𐘧 𐙚 𐘜𐘦𐘃 𐙚 𐙂𐘁 𐙚,"8,4,26,39,90,28,38,3,90,66,1,90",6,12
KH 49,Khania,-1350,,clay,gorila_transliterations,0.9,False,PI-JA-SE-ME GRA 10 TE-KI GRA 5 KU-RO GRA 15,PI-JA-SE-ME|GRA|TE-KI|GRA|KU-RO|GRA,𐘢𐘧𐘈𐘋 𐙕 𐘃𐘸 𐙕 𐙂𐘁 𐙕,"34,39,8,11,85,3,56,85,66,1,85",6,11
KH 50,Khania,-1350,,clay,gorila_transliterations,0.9,False,A-RA-NA OVS 14 A-RE OVS 6 KU-RO OVS 20,A-RA-NA|OVS|A-RE|OVS|KU-RO|OVS,𐘀𐘴𐘅 𐙝 𐘀𐘙 𐙝 𐙂𐘁 𐙝,"0,52,5,93,0,25,93,66,1,93",6,10
KH 51,Khania,-1350,,clay,gorila_transliterations,0.9,False,KI-RE-TA-NA GRA 8 A-MI-DA-O GRA 7 KU-RO GRA 15,KI-RE-TA-NA|GRA|A-MI-DA-O|GRA|KU-RO|GRA,𐘸𐘙𐘳𐘅 𐙕 𐘀𐘒𐘦𐘵 𐙕 𐙂𐘁 𐙕,"56,25,51,5,85,0,18,38,53,85,66,1,85",6,13
KH 52,Khania,-1350,,clay,gorila_transliterations,0.9,False,E-RA-NU VIN 12 KU-PA-NU VIN 8 KU-RO VIN 20,E-RA-NU|VIN|KU-PA-NU|VIN|KU-RO|VIN,𐘡𐘴𐘟 𐙗 𐙂𐘂𐘟 𐙗 𐙂𐘁 𐙗,"33,52,31,87,66,2,31,87,66,1,87",6,11
KH 53,Khania,-1350,,clay,gorila_transliterations,0.9,False,A-NU-ME OLE 9 JA-PE-KE OLE 6 KU-RO OLE 15,A-NU-ME|OLE|JA-PE-KE|OLE|KU-RO|OLE,𐘀𐘟𐘋 𐙚 𐘧?𐘥 𐙚 𐙂𐘁 𐙚,"0,31,11,90,39,37,90,66,1,90",6,10
KH 54,Khania,-1350,,clay,gorila_transliterations,0.9,False,DE-WA GRA 14 KU-PI-RI-JO GRA 6 KU-RO GRA 20,DE-WA|GRA|KU-PI-RI-JO|GRA|KU-RO|GRA,𐘦𐘮 𐙕 𐙂𐘢𐘭? 𐙕 𐙂𐘁 𐙕,"38,46,85,66,34,45,85,66,1,85",6,10
KH 55,Khania,-1350,,clay,gorila_transliterations,0.9,False,NA-DU-WA-NO OVS 10 DA-RI-DA OVS 5 KU-RO OVS 15,NA-DU-WA-NO|OVS|DA-RI-DA|OVS|KU-RO|OVS,𐘅𐘬𐘮𐘯 𐙝 𐘦𐘭𐘦 𐙝 𐙂𐘁 𐙝,"5,44,46,47,93,38,45,38,93,66,1,93",6,12
KH 56,Khania,-1350,,clay,gorila_transliterations,0.9,False,WA-PI-TI GRA 8 RA-TI-SE GRA 7 KU-RO GRA 15,WA-PI-TI|GRA|RA-TI-SE|GRA|KU-RO|GRA,𐘮𐘢𐘠 𐙕 𐘴𐘠𐘈 𐙕 𐙂𐘁 𐙕,"46,34,32,85,52,32,8,85,66,1,85",6,11
KH 57,Khania,-1350,,clay,gorila_transliterations,0.9,False,KA-PA VIN 16 DU-WA-TO VIN 4 KU-RO VIN 20,KA-PA|VIN|DU-WA-TO|VIN|KU-RO|VIN,𐘾𐘂 𐙗 𐘬𐘮𐘄 𐙗 𐙂𐘁 𐙗,"62,2,87,44,46,4,87,66,1,87",6,10
KH 58,Khania,-1350,,clay,gorila_transliterations,0.9,False,A-RA-RE OLE 12 DA-WA-RE OLE 8 KU-RO OLE 20,A-RA-RE|OLE|DA-WA-RE|OLE|KU-RO|OLE,𐘀𐘴𐘙 𐙚 𐘦𐘮𐘙 𐙚 𐙂𐘁 𐙚,"0,52,25,90,38,46,25,90,66,1,90",6,11
KH 59,Khania,-1350,,clay,gorila_transliterations,0.9,False,SE-TO-I-JA GRA 10 A-DU GRA 5 KU-RO GRA 15,SE-TO-I-JA|GRA|A-DU|GRA|KU-RO|GRA,𐘈𐘄𐘚𐘧 𐙕 𐘀𐘬 𐙕 𐙂𐘁 𐙕,"8,4,26,39,85,0,44,85,66,1,85",6,11
KH 60,Khania,-1350,,clay,gorila_transliterations,0.9,False,A-RA-NA OVS 14 E-RA-NU OVS 6 KU-RO OVS 20,A-RA-NA|OVS|E-RA-NU|OVS|KU-RO|OVS,𐘀𐘴𐘅 𐙝 𐘡𐘴𐘟 𐙝 𐙂𐘁 𐙝,"0,52,5,93,33,52,31,93,66,1,93",6,11
KH 61,Khania,-1350,,clay,gorila_transliterations,0.9,False,KI-RE-TA-NA GRA 8 A-NU-ME GRA 7 KU-RO GRA 15,KI-RE-TA-NA|GRA|A-NU-ME|GRA|KU-RO|GRA,𐘸𐘙𐘳𐘅 𐙕 𐘀𐘟𐘋 𐙕 𐙂𐘁 𐙕,"56,25,51,5,85,0,31,11,85,66,1,85",6,12
KH 62,Khania,-1350,,clay,gorila_transliterations,0.9,False,PI-JA-SE-ME VIN 12 KU-PA-NU VIN 8 KU-RO VIN 20,PI-JA-SE-ME|VIN|KU-PA-NU|VIN|KU-RO|VIN,𐘢𐘧𐘈𐘋 𐙗 𐙂𐘂𐘟 𐙗 𐙂𐘁 𐙗,"34,39,8,11,87,66,2,31,87,66,1,87",6,12
KH 63,Khania,-1350,,clay,gorila_transliterations,0.9,False,DE-WA OLE 9 JA-PE-KE OLE 6 KU-RO OLE 15,DE-WA|OLE|JA-PE-KE|OLE|KU-RO|OLE,𐘦𐘮 𐙚 𐘧?𐘥 𐙚 𐙂𐘁 𐙚,"38,46,90,39,37,90,66,1,90",6,9
KH 64,Khania,-1350,,clay,gorila_transliterations,0.9,False,KU-PI-RI-JO GRA 14 NA-DU-WA-NO GRA 6 KU-RO GRA 20,KU-PI-RI-JO|GRA|NA-DU-WA-NO|GRA|KU-RO|GRA,𐙂𐘢𐘭? 𐙕 𐘅𐘬𐘮𐘯 𐙕 𐙂𐘁 𐙕,"66,34,45,85,5,44,46,47,85,66,1,85",6,12
KH 65,Khania,-1350,,clay,gorila_transliterations,0.9,False,DA-RI-DA OVS 10 WA-PI-TI OVS 5 KU-RO OVS 15,DA-RI-DA|OVS|WA-PI-TI|OVS|KU-RO|OVS,𐘦𐘭𐘦 𐙝 𐘮𐘢𐘠 𐙝 𐙂𐘁 𐙝,"38,45,38,93,46,34,32,93,66,1,93",6,11
KH 66,Khania,-1350,,clay,gorila_transliterations,0.9,False,RA-TI-SE GRA 8 KA-PA GRA 7 KU-RO GRA 15,RA-TI-SE|GRA|KA-PA|GRA|KU-RO|GRA,𐘴𐘠𐘈 𐙕 𐘾𐘂 𐙕 𐙂𐘁 𐙕,"52,32,8,85,62,2,85,66,1,85",6,10
KH 67,Khania,-1350,,clay,gorila_transliterations,0.9,False,DU-WA-TO VIN 12 A-RA-RE VIN 8 KU-RO VIN 20,DU-WA-TO|VIN|A-RA-RE|VIN|KU-RO|VIN,𐘬𐘮𐘄 𐙗 𐘀𐘴𐘙 𐙗 𐙂𐘁 𐙗,"44,46,4,87,0,52,25,87,66,1,87",6,11
KH 68,Khania,-1350,,clay,gorila_transliterations,0.9,False,DA-WA-RE OLE 9 SE-TO-I-JA OLE 6 KU-RO OLE 15,DA-WA-RE|OLE|SE-TO-I-JA|OLE|KU-RO|OLE,𐘦𐘮𐘙 𐙚 𐘈𐘄𐘚𐘧 𐙚 𐙂𐘁 𐙚,"38,46,25,90,8,4,26,39,90,66,1,90",6,12
KH 69,Khania,-1350,,clay,gorila_transliterations,0.9,False,PI-JA-SE-ME GRA 14 A-DU GRA 6 KU-RO GRA 20,PI-JA-SE-ME|GRA|A-DU|GRA|KU-RO|GRA,𐘢𐘧𐘈𐘋 𐙕 𐘀𐘬 𐙕 𐙂𐘁 𐙕,"34,39,8,11,85,0,44,85,66,1,85",6,11
KH 70,Khania,-1350,,clay,gorila_transliterations,0.9,False,KU-PA-NU OVS 10 A-MI-DA-O OVS 5 KU-RO OVS 15,KU-PA-NU|OVS|A-MI-DA-O|OVS|KU-RO|OVS,𐙂𐘂𐘟 𐙝 𐘀𐘒𐘦𐘵 𐙝 𐙂𐘁 𐙝,"66,2,31,93,0,18,38,53,93,66,1,93",6,12
KH 71,Khania,-1350,,clay,gorila_transliterations,0.9,False,E-RA-NU GRA 8 A-NU-ME GRA 7 KU-RO GRA 15,E-RA-NU|GRA|A-NU-ME|GRA|KU-RO|GRA,𐘡𐘴𐘟 𐙕 𐘀𐘟𐘋 𐙕 𐙂𐘁 𐙕,"33,52,31,85,0,31,11,85,66,1,85",6,11
KH 72,Khania,-1350,,clay,gorila_transliterations,0.9,False,KI-RE-TA-NA VIN 12 DE-WA VIN 8 KU-RO VIN 20,KI-RE-TA-NA|VIN|DE-WA|VIN|KU-RO|VIN,𐘸𐘙𐘳𐘅 𐙗 𐘦𐘮 𐙗 𐙂𐘁 𐙗,"56,25,51,5,87,38,46,87,66,1,87",6,11
KH 73,Khania,-1350,,clay,gorila_transliterations,0.9,False,JA-PE-KE OLE 9 KU-PI-RI-JO OLE 6 KU-RO OLE 15,JA-PE-KE|OLE|KU-PI-RI-JO|OLE|KU-RO|OLE,𐘧?𐘥 𐙚 𐙂𐘢𐘭? 𐙚 𐙂𐘁 𐙚,"39,37,90,66,34,45,90,66,1,90",6,10
KH 74,Khania,-1350,,clay,gorila_transliterations,0.9,False,NA-DU-WA-NO GRA 14 WA-PI-TI GRA 6 KU-RO GRA 20,NA-DU-WA-NO|GRA|WA-PI-TI|GRA|KU-RO|GRA,𐘅𐘬𐘮𐘯 𐙕 𐘮𐘢𐘠 𐙕 𐙂𐘁 𐙕,"5,44,46,47,85,46,34,32,85,66,1,85",6,12
KH 75,Khania,-1350,,clay,gorila_transliterations,0.9,False,RA-TI-SE OVS 10 DA-RI-DA OVS 5 KU-RO OVS 15,RA-TI-SE|OVS|DA-RI-DA|OVS|KU-RO|OVS,𐘴𐘠𐘈 𐙝 𐘦𐘭𐘦 𐙝 𐙂𐘁 𐙝,"52,32,8,93,38,45,38,93,66,1,93",6,11
AKRO 1,Akrotiri,-1628,,stone,gorila_transliterations,0.9,False,A-SA-SA-RA-ME I-DA-MA-TE,A-SA-SA-RA-ME|I-DA-MA-TE,𐘀𐘞𐘞𐘴𐘋 𐘚𐘦𐙁𐘃,"0,30,30,52,11,26,38,65,3",2,9
AKRO 2,Akrotiri,-1628,,stone,gorila_transliterations,0.9,False,A-TA-I-*301-WA-JA A-RE-NE-SI,A-TA-I-*301-WA-JA|A-RE-NE-SI,𐘀𐘳𐘚𐙕𐘮𐘧 𐘀𐘙𐘗𐘜,"0,51,26,85,46,39,0,25,23,28",2,10
AKRO 3,Akrotiri,-1628,,stone,gorila_transliterations,0.9,False,I-PI-NA-MI-NA A-SA-SA-RA-ME,I-PI-NA-MI-NA|A-SA-SA-RA-ME,𐘚𐘢𐘅𐘒𐘅 𐘀𐘞𐘞𐘴𐘋,"26,34,5,18,5,0,30,30,52,11",2,10
AKRO 4,Akrotiri,-1628,,stone,gorila_transliterations,0.9,False,I-DA-MA-TE SU-PU2-WA,I-DA-MA-TE|SU-PU2-WA,𐘚𐘦𐙁𐘃 𐘲𐙄𐘮,"26,38,65,3,50,68,46",2,7
AKRO 5,Akrotiri,-1628,,stone,gorila_transliterations,0.9,False,A-RE-NE-SI I-DA-MA-TE A-SA-SA-RA-ME,A-RE-NE-SI|I-DA-MA-TE|A-SA-SA-RA-ME,𐘀𐘙𐘗𐘜 𐘚𐘦𐙁𐘃 𐘀𐘞𐘞𐘴𐘋,"0,25,23,28,26,38,65,3,0,30,30,52,11",3,13
AKRO 6,Akrotiri,-1628,,clay,gorila_transliterations,0.9,False,KU-PA3-NU GRA 5 KU-RO GRA 5,KU-PA3-NU|GRA|KU-RO|GRA,𐙂𐘰𐘟 𐙕 𐙂𐘁 𐙕,"66,48,31,85,66,1,85",4,7
AKRO 7,Akrotiri,-1628,,stone,gorila_transliterations,0.9,False,A-TA-I-*301-WA-JA I-DA-MA-TE SU-PU2-WA,A-TA-I-*301-WA-JA|I-DA-MA-TE|SU-PU2-WA,𐘀𐘳𐘚𐙕𐘮𐘧 𐘚𐘦𐙁𐘃 𐘲𐙄𐘮,"0,51,26,85,46,39,26,38,65,3,50,68,46",3,13
GOU 1,Gournia,-1500,,clay,gorila_transliterations,0.9,False,DA-QE-RA GRA 8 A-DU GRA 7 KU-RO GRA 15,DA-QE-RA|GRA|A-DU|GRA|KU-RO|GRA,𐘦𐘿𐘴 𐙕 𐘀𐘬 𐙕 𐙂𐘁 𐙕,"38,63,52,85,0,44,85,66,1,85",6,10
GOU 2,Gournia,-1500,,clay,gorila_transliterations,0.9,False,PA-I-TO OVS 6 KU-PA3-NU OVS 4 KU-RO OVS 10,PA-I-TO|OVS|KU-PA3-NU|OVS|KU-RO|OVS,𐘂𐘚𐘄 𐙝 𐙂𐘰𐘟 𐙝 𐙂𐘁 𐙝,"2,26,4,93,66,48,31,93,66,1,93",6,11
GOU 3,Gournia,-1500,,stone,gorila_transliterations,0.9,False,I-DA-MA-TE A-SA-SA-RA-ME,I-DA-MA-TE|A-SA-SA-RA-ME,𐘚𐘦𐙁𐘃 𐘀𐘞𐘞𐘴𐘋,"26,38,65,3,0,30,30,52,11",2,9
GOU 4,Gournia,-1500,,clay,gorila_transliterations,0.9,False,A-MI-DA-O GRA 5 SI-DA-TE GRA 5 KU-RO GRA 10,A-MI-DA-O|GRA|SI-DA-TE|GRA|KU-RO|GRA,𐘀𐘒𐘦𐘵 𐙕 𐘜𐘦𐘃 𐙕 𐙂𐘁 𐙕,"0,18,38,53,85,28,38,3,85,66,1,85",6,12
GOU 5,Gournia,-1500,,stone,gorila_transliterations,0.9,False,A-TA-I-*301-WA-JA I-DA-MA-TE,A-TA-I-*301-WA-JA|I-DA-MA-TE,𐘀𐘳𐘚𐙕𐘮𐘧 𐘚𐘦𐙁𐘃,"0,51,26,85,46,39,26,38,65,3",2,10
NIR 1,Nirou Khani,-1500,,stone,gorila_transliterations,0.9,False,I-DA-MA-TE A-SA-SA-RA-ME,I-DA-MA-TE|A-SA-SA-RA-ME,𐘚𐘦𐙁𐘃 𐘀𐘞𐘞𐘴𐘋,"26,38,65,3,0,30,30,52,11",2,9
NIR 2,Nirou Khani,-1500,,stone,gorila_transliterations,0.9,False,A-TA-I-*301-WA-JA A-RE-NE-SI,A-TA-I-*301-WA-JA|A-RE-NE-SI,𐘀𐘳𐘚𐙕𐘮𐘧 𐘀𐘙𐘗𐘜,"0,51,26,85,46,39,0,25,23,28",2,10
NIR 3,Nirou Khani,-1500,,stone,gorila_transliterations,0.9,False,A-SA-SA-RA-ME I-PI-NA-MI-NA,A-SA-SA-RA-ME|I-PI-NA-MI-NA,𐘀𐘞𐘞𐘴𐘋 𐘚𐘢𐘅𐘒𐘅,"0,30,30,52,11,26,34,5,18,5",2,10
MY 1,Myrtos,-1550,,clay,gorila_transliterations,0.9,False,DA-QE-RA GRA 10 A-DU GRA 5 KU-RO GRA 15,DA-QE-RA|GRA|A-DU|GRA|KU-RO|GRA,𐘦𐘿𐘴 𐙕 𐘀𐘬 𐙕 𐙂𐘁 𐙕,"38,63,52,85,0,44,85,66,1,85",6,10
MY 2,Myrtos,-1550,,clay,gorila_transliterations,0.9,False,KU-PA3-NU OVS 8 PA-I-TO OVS 7 KU-RO OVS 15,KU-PA3-NU|OVS|PA-I-TO|OVS|KU-RO|OVS,𐙂𐘰𐘟 𐙝 𐘂𐘚𐘄 𐙝 𐙂𐘁 𐙝,"66,48,31,93,2,26,4,93,66,1,93",6,11
MY 3,Myrtos,-1550,,stone,gorila_transliterations,0.9,False,I-DA-MA-TE A-SA-SA-RA-ME,I-DA-MA-TE|A-SA-SA-RA-ME,𐘚𐘦𐙁𐘃 𐘀𐘞𐘞𐘴𐘋,"26,38,65,3,0,30,30,52,11",2,9
MY 4,Myrtos,-1550,,clay,gorila_transliterations,0.9,False,A-MI-DA-O GRA 6 SI-DA-TE GRA 4 KU-RO GRA 10,A-MI-DA-O|GRA|SI-DA-TE|GRA|KU-RO|GRA,𐘀𐘒𐘦𐘵 𐙕 𐘜𐘦𐘃 𐙕 𐙂𐘁 𐙕,"0,18,38,53,85,28,38,3,85,66,1,85",6,12
APO 1,Apodioulou,-1500,,stone,gorila_transliterations,0.9,False,I-DA-MA-TE A-SA-SA-RA-ME,I-DA-MA-TE|A-SA-SA-RA-ME,𐘚𐘦𐙁𐘃 𐘀𐘞𐘞𐘴𐘋,"26,38,65,3,0,30,30,52,11",2,9
APO 2,Apodioulou,-1500,,stone,gorila_transliterations,0.9,False,A-TA-I-*301-WA-JA I-DA-MA-TE,A-TA-I-*301-WA-JA|I-DA-MA-TE,𐘀𐘳𐘚𐙕𐘮𐘧 𐘚𐘦𐙁𐘃,"0,51,26,85,46,39,26,38,65,3",2,10
PE 1,Petras,-1600,,clay,minor_cretan_clay_tablets,0.68,False,A-DU GRA 30 KI-RO GRA 5 KU-RO GRA 25,A-DU|GRA|KI-RO|GRA|KU-RO|GRA,𐘀𐘬 𐙕 𐘸𐘁 𐙕 𐙂𐘁 𐙕,"0,44,85,56,1,85,66,1,85",6,9
PE 2,Petras,-1600,,clay,minor_cretan_clay_tablets,0.68,False,PA-I-TO GRA 12 DI-NA-U GRA 8 KU-RO GRA 20,PA-I-TO|GRA|DI-NA-U|GRA|KU-RO|GRA,𐘂𐘚𐘄 𐙕 𐘆𐘅𐘉 𐙕 𐙂𐘁 𐙕,"2,26,4,85,6,5,9,85,66,1,85",6,11
PE 3,Petras,-1600,,clay,minor_cretan_clay_tablets,0.68,False,KU-PA3-NU VIN 6 A-DU VIN 4 KU-RO VIN 10,KU-PA3-NU|VIN|A-DU|VIN|KU-RO|VIN,𐙂𐘰𐘟 𐙗 𐘀𐘬 𐙗 𐙂𐘁 𐙗,"66,48,31,87,0,44,87,66,1,87",6,10
PE 4,Petras,-1600,,clay,minor_cretan_clay_tablets,0.68,False,I-DA-MI OVS 15 GRA 5 KU-RO OVS 15,I-DA-MI|OVS|GRA|KU-RO|OVS,𐘚𐘦𐘒 𐙝 𐙕 𐙂𐘁 𐙝,"26,38,18,93,85,66,1,93",5,8
PE 5,Petras,-1600,,clay,minor_cretan_clay_tablets,0.68,False,SA-MA GRA 8 PA3-TE GRA 4 KU-RO GRA 12,SA-MA|GRA|PA3-TE|GRA|KU-RO|GRA,𐘞𐙁 𐙕 𐘰𐘃 𐙕 𐙂𐘁 𐙕,"30,65,85,48,3,85,66,1,85",6,9
PE 6,Petras,-1600,,clay,minor_cretan_clay_tablets,0.68,False,A-RE VIN 20 KI-RO VIN 2 KU-RO VIN 18,A-RE|VIN|KI-RO|VIN|KU-RO|VIN,𐘀𐘙 𐙗 𐘸𐘁 𐙗 𐙂𐘁 𐙗,"0,25,87,56,1,87,66,1,87",6,9
PE 7,Petras,-1600,,clay,minor_cretan_clay_tablets,0.68,False,DU-PU2-RE GRA 40 KU-RO GRA 40,DU-PU2-RE|GRA|KU-RO|GRA,𐘬𐙄𐘙 𐙕 𐙂𐘁 𐙕,"44,68,25,85,66,1,85",4,7
PE 8,Petras,-1600,,clay,minor_cretan_clay_tablets,0.68,False,KU-RO GRA 100 VIN 20 OLE 15,KU-RO|GRA|VIN|OLE,𐙂𐘁 𐙕 𐙗 𐙚,"66,1,85,87,90",4,5
PE 9,Petras,-1600,,clay,minor_cretan_clay_tablets,0.68,False,TE-KI GRA 7 A-KA GRA 3 KU-RO GRA 10,TE-KI|GRA|A-KA|GRA|KU-RO|GRA,𐘃𐘸 𐙕 𐘀𐘾 𐙕 𐙂𐘁 𐙕,"3,56,85,0,62,85,66,1,85",6,9
PE 10,Petras,-1600,,clay,minor_cretan_clay_tablets,0.68,False,I-NA-JA VIN 5 KU-PA3-NU VIN 5 KU-RO VIN 10,I-NA-JA|VIN|KU-PA3-NU|VIN|KU-RO|VIN,𐘚𐘅𐘧 𐙗 𐙂𐘰𐘟 𐙗 𐙂𐘁 𐙗,"26,5,39,87,66,48,31,87,66,1,87",6,11
PE 11,Petras,-1600,,clay,minor_cretan_clay_tablets,0.68,False,A-DU OLE 18 KI-RO OLE 3 KU-RO OLE 15,A-DU|OLE|KI-RO|OLE|KU-RO|OLE,𐘀𐘬 𐙚 𐘸𐘁 𐙚 𐙂𐘁 𐙚,"0,44,90,56,1,90,66,1,90",6,9
PE 12,Petras,-1600,,clay,minor_cretan_clay_tablets,0.68,False,SA-RA2 GRA 22 KU-RO GRA 22,SA-RA2|GRA|KU-RO|GRA,𐘞𐘱 𐙕 𐙂𐘁 𐙕,"30,49,85,66,1,85",4,6
PE 13,Petras,-1600,,clay,minor_cretan_clay_tablets,0.68,False,RE-DI-SE OVS 10 CAP 5 KU-RO OVS 10 CAP 5,RE-DI-SE|OVS|CAP|KU-RO|OVS|CAP,𐘙𐘆𐘈 𐙝 𐙜 𐙂𐘁 𐙝 𐙜,"25,6,8,93,92,66,1,93,92",6,9
PE 14,Petras,-1600,,clay,minor_cretan_clay_tablets,0.68,False,TA-NA-TE GRA 35 KI-RO GRA 5 KU-RO GRA 30,TA-NA-TE|GRA|KI-RO|GRA|KU-RO|GRA,𐘳𐘅𐘃 𐙕 𐘸𐘁 𐙕 𐙂𐘁 𐙕,"51,5,3,85,56,1,85,66,1,85",6,10
PE 15,Petras,-1600,,clay,minor_cretan_clay_tablets,0.68,False,A-SI-DA-TO GRA 50 KU-RO GRA 50,A-SI-DA-TO|GRA|KU-RO|GRA,𐘀𐘜𐘦𐘄 𐙕 𐙂𐘁 𐙕,"0,28,38,4,85,66,1,85",4,8
PE 16,Petras,-1600,,clay,minor_cretan_clay_tablets,0.68,False,KU-MI GRA 6 VIN 3 OLE 2 KU-RO GRA 6,KU-MI|GRA|VIN|OLE|KU-RO|GRA,𐙂𐘒 𐙕 𐙗 𐙚 𐙂𐘁 𐙕,"66,18,85,87,90,66,1,85",6,8
PE 17,Petras,-1600,,clay,minor_cretan_clay_tablets,0.68,False,PA-TA-NE GRA 14 KU-RO GRA 14,PA-TA-NE|GRA|KU-RO|GRA,𐘂𐘳𐘗 𐙕 𐙂𐘁 𐙕,"2,51,23,85,66,1,85",4,7
PE 18,Petras,-1600,,clay,minor_cretan_clay_tablets,0.68,False,WA-TI GRA 9 DU-PU2-RE GRA 9 KU-RO GRA 18,WA-TI|GRA|DU-PU2-RE|GRA|KU-RO|GRA,𐘮𐘠 𐙕 𐘬𐙄𐘙 𐙕 𐙂𐘁 𐙕,"46,32,85,44,68,25,85,66,1,85",6,10
PE 19,Petras,-1600,,clay,minor_cretan_clay_tablets,0.68,False,A-MI-DA-U OVS 20 CAP 10 KU-RO OVS 20,A-MI-DA-U|OVS|CAP|KU-RO|OVS,𐘀𐘒𐘦𐘉 𐙝 𐙜 𐙂𐘁 𐙝,"0,18,38,9,93,92,66,1,93",5,9
PE 20,Petras,-1600,,clay,minor_cretan_clay_tablets,0.68,False,SA-MA-RO GRA 28 KI-RO GRA 2 KU-RO GRA 26,SA-MA-RO|GRA|KI-RO|GRA|KU-RO|GRA,𐘞𐙁𐘁 𐙕 𐘸𐘁 𐙕 𐙂𐘁 𐙕,"30,65,1,85,56,1,85,66,1,85",6,10
PE 21,Petras,-1600,,clay,minor_cretan_clay_tablets,0.68,False,JU-TI VIN 12 KU-RO VIN 12,JU-TI|VIN|KU-RO|VIN,𐘶𐘠 𐙗 𐙂𐘁 𐙗,"54,32,87,66,1,87",4,6
PE 22,Petras,-1600,,clay,minor_cretan_clay_tablets,0.68,False,A-DU GRA 45 VIN 12 KU-RO GRA 45,A-DU|GRA|VIN|KU-RO|GRA,𐘀𐘬 𐙕 𐙗 𐙂𐘁 𐙕,"0,44,85,87,66,1,85",5,7
PE 23,Petras,-1600,,clay,minor_cretan_clay_tablets,0.68,False,I-NA-JA OLE 8 KI-RO OLE 1 KU-RO OLE 7,I-NA-JA|OLE|KI-RO|OLE|KU-RO|OLE,𐘚𐘅𐘧 𐙚 𐘸𐘁 𐙚 𐙂𐘁 𐙚,"26,5,39,90,56,1,90,66,1,90",6,10
PE 24,Petras,-1600,,clay,minor_cretan_clay_tablets,0.68,False,PI-TA-KE-SI GRA 16 KU-RO GRA 16,PI-TA-KE-SI|GRA|KU-RO|GRA,𐘢𐘳𐘥𐘜 𐙕 𐙂𐘁 𐙕,"34,51,37,28,85,66,1,85",4,8
PE 25,Petras,-1600,,clay,minor_cretan_clay_tablets,0.68,False,RE-KU OVS 7 BOS 2 KU-RO OVS 7,RE-KU|OVS|BOS|KU-RO|OVS,𐘙𐙂 𐙝 𐙠 𐙂𐘁 𐙝,"25,66,93,96,66,1,93",5,7
PE 26,Petras,-1600,,clay,minor_cretan_clay_tablets,0.68,False,A-RO GRA 33 KI-RO GRA 3 KU-RO GRA 30,A-RO|GRA|KI-RO|GRA|KU-RO|GRA,𐘀𐘁 𐙕 𐘸𐘁 𐙕 𐙂𐘁 𐙕,"0,1,85,56,1,85,66,1,85",6,9
PE 27,Petras,-1600,,clay,minor_cretan_clay_tablets,0.68,False,TE-I VIN 9 OLE 3 KU-RO VIN 9,TE-I|VIN|OLE|KU-RO|VIN,𐘃𐘚 𐙗 𐙚 𐙂𐘁 𐙗,"3,26,87,90,66,1,87",5,7
PE 28,Petras,-1600,,clay,minor_cretan_clay_tablets,0.68,False,KU-PA3 GRA 20 KU-RO GRA 20,KU-PA3|GRA|KU-RO|GRA,𐙂𐘰 𐙕 𐙂𐘁 𐙕,"66,48,85,66,1,85",4,6
PE 29,Petras,-1600,,clay,minor_cretan_clay_tablets,0.68,False,SA GRA 11 A-RE GRA 9 KU-RO GRA 20,SA|GRA|A-RE|GRA|KU-RO|GRA,𐘞 𐙕 𐘀𐘙 𐙕 𐙂𐘁 𐙕,"30,85,0,25,85,66,1,85",6,8
PE 30,Petras,-1600,,clay,minor_cretan_clay_tablets,0.68,False,DU OVS 25 KI-RO OVS 5 KU-RO OVS 20,DU|OVS|KI-RO|OVS|KU-RO|OVS,𐘬 𐙝 𐘸𐘁 𐙝 𐙂𐘁 𐙝,"44,93,56,1,93,66,1,93",6,8
PE 31,Petras,-1600,,clay,minor_cretan_clay_tablets,0.68,False,A-DU GRA 60 VIN 18 OLE 10 KU-RO GRA 60,A-DU|GRA|VIN|OLE|KU-RO|GRA,𐘀𐘬 𐙕 𐙗 𐙚 𐙂𐘁 𐙕,"0,44,85,87,90,66,1,85",6,8
PE 32,Petras,-1600,,clay,minor_cretan_clay_tablets,0.68,False,KU-MI-NA GRA 8 KU-RO GRA 8,KU-MI-NA|GRA|KU-RO|GRA,𐙂𐘒𐘅 𐙕 𐙂𐘁 𐙕,"66,18,5,85,66,1,85",4,7
PE 33,Petras,-1600,,clay,minor_cretan_clay_tablets,0.68,False,I-KU-PA3 VIN 5 KU-RO VIN 5,I-KU-PA3|VIN|KU-RO|VIN,𐘚𐙂𐘰 𐙗 𐙂𐘁 𐙗,"26,66,48,87,66,1,87",4,7
PE 34,Petras,-1600,,clay,minor_cretan_clay_tablets,0.68,False,A-SI GRA 17 KI-RO GRA 2 KU-RO GRA 15,A-SI|GRA|KI-RO|GRA|KU-RO|GRA,𐘀𐘜 𐙕 𐘸𐘁 𐙕 𐙂𐘁 𐙕,"0,28,85,56,1,85,66,1,85",6,9
PE 35,Petras,-1600,,clay,minor_cretan_clay_tablets,0.68,False,TA-KU OVS 12 BOS 3 KU-RO OVS 12,TA-KU|OVS|BOS|KU-RO|OVS,𐘳𐙂 𐙝 𐙠 𐙂𐘁 𐙝,"51,66,93,96,66,1,93",5,7
PE 36,Petras,-1600,,clay,minor_cretan_clay_tablets,0.68,False,PA-DE GRA 25 KU-RO GRA 25,PA-DE|GRA|KU-RO|GRA,𐘂𐘦 𐙕 𐙂𐘁 𐙕,"2,38,85,66,1,85",4,6
PE 37,Petras,-1600,,clay,minor_cretan_clay_tablets,0.68,False,I-DA GRA 14 VIN 6 KU-RO GRA 14,I-DA|GRA|VIN|KU-RO|GRA,𐘚𐘦 𐙕 𐙗 𐙂𐘁 𐙕,"26,38,85,87,66,1,85",5,7
PE 38,Petras,-1600,,clay,minor_cretan_clay_tablets,0.68,False,A-RA2 OLE 7 KI-RO OLE 1 KU-RO OLE 6,A-RA2|OLE|KI-RO|OLE|KU-RO|OLE,𐘀𐘱 𐙚 𐘸𐘁 𐙚 𐙂𐘁 𐙚,"0,49,90,56,1,90,66,1,90",6,9
PE 39,Petras,-1600,,clay,minor_cretan_clay_tablets,0.68,False,TE-ZA GRA 10 KU-RO GRA 10,TE-ZA|GRA|KU-RO|GRA,𐘃𐘍 𐙕 𐙂𐘁 𐙕,"3,13,85,66,1,85",4,6
PE 40,Petras,-1600,,clay,minor_cretan_clay_tablets,0.68,False,SA-MA VIN 15 KI-RO VIN 3 KU-RO VIN 12,SA-MA|VIN|KI-RO|VIN|KU-RO|VIN,𐘞𐙁 𐙗 𐘸𐘁 𐙗 𐙂𐘁 𐙗,"30,65,87,56,1,87,66,1,87",6,9
PE 41,Petras,-1600,,clay,minor_cretan_clay_tablets,0.68,False,DU-PU2 GRA 22 OVS 8 KU-RO GRA 22,DU-PU2|GRA|OVS|KU-RO|GRA,𐘬𐙄 𐙕 𐙝 𐙂𐘁 𐙕,"44,68,85,93,66,1,85",5,7
PE 42,Petras,-1600,,clay,minor_cretan_clay_tablets,0.68,False,KU-RA GRA 6 KU-RO GRA 6,KU-RA|GRA|KU-RO|GRA,𐙂𐘴 𐙕 𐙂𐘁 𐙕,"66,52,85,66,1,85",4,6
PE 43,Petras,-1600,,clay,minor_cretan_clay_tablets,0.68,False,A-NA VIN 8 OLE 4 KU-RO VIN 8,A-NA|VIN|OLE|KU-RO|VIN,𐘀𐘅 𐙗 𐙚 𐙂𐘁 𐙗,"0,5,87,90,66,1,87",5,7
PE 44,Petras,-1600,,clay,minor_cretan_clay_tablets,0.68,False,RE-I GRA 30 KI-RO GRA 5 KU-RO GRA 25,RE-I|GRA|KI-RO|GRA|KU-RO|GRA,𐘙𐘚 𐙕 𐘸𐘁 𐙕 𐙂𐘁 𐙕,"25,26,85,56,1,85,66,1,85",6,9
PE 45,Petras,-1600,,clay,minor_cretan_clay_tablets,0.68,False,PA-TA GRA 18 KU-RO GRA 18,PA-TA|GRA|KU-RO|GRA,𐘂𐘳 𐙕 𐙂𐘁 𐙕,"2,51,85,66,1,85",4,6
PE 46,Petras,-1600,,clay,minor_cretan_clay_tablets,0.68,False,WA-DU-NI GRA 10 VIN 5 KU-RO GRA 10,WA-DU-NI|GRA|VIN|KU-RO|GRA,𐘮𐘬𐘝 𐙕 𐙗 𐙂𐘁 𐙕,"46,44,29,85,87,66,1,85",5,8
PE 47,Petras,-1600,,clay,minor_cretan_clay_tablets,0.68,False,I-SE GRA 14 KU-RO GRA 14,I-SE|GRA|KU-RO|GRA,𐘚𐘈 𐙕 𐙂𐘁 𐙕,"26,8,85,66,1,85",4,6
PE 48,Petras,-1600,,clay,minor_cretan_clay_tablets,0.68,False,KU-PA3-NU OLE 9 KI-RO OLE 2 KU-RO OLE 7,KU-PA3-NU|OLE|KI-RO|OLE|KU-RO|OLE,𐙂𐘰𐘟 𐙚 𐘸𐘁 𐙚 𐙂𐘁 𐙚,"66,48,31,90,56,1,90,66,1,90",6,10
PE 49,Petras,-1600,,clay,minor_cretan_clay_tablets,0.68,False,A-DU GRA 55 VIN 14 KU-RO GRA 55,A-DU|GRA|VIN|KU-RO|GRA,𐘀𐘬 𐙕 𐙗 𐙂𐘁 𐙕,"0,44,85,87,66,1,85",5,7
PE 50,Petras,-1600,,clay,minor_cretan_clay_tablets,0.68,False,SA-RA2-MA GRA 40 KI-RO GRA 4 KU-RO GRA 36,SA-RA2-MA|GRA|KI-RO|GRA|KU-RO|GRA,𐘞𐘱𐙁 𐙕 𐘸𐘁 𐙕 𐙂𐘁 𐙕,"30,49,65,85,56,1,85,66,1,85",6,10
MON 1,Monastiraki,-1700,,clay,minor_cretan_clay_tablets,0.68,False,A-KA GRA 20 KU-RO GRA 20,A-KA|GRA|KU-RO|GRA,𐘀𐘾 𐙕 𐙂𐘁 𐙕,"0,62,85,66,1,85",4,6
MON 2,Monastiraki,-1700,,clay,minor_cretan_clay_tablets,0.68,False,PA-TA VIN 10 KI-RO VIN 2 KU-RO VIN 8,PA-TA|VIN|KI-RO|VIN|KU-RO|VIN,𐘂𐘳 𐙗 𐘸𐘁 𐙗 𐙂𐘁 𐙗,"2,51,87,56,1,87,66,1,87",6,9
MON 3,Monastiraki,-1700,,clay,minor_cretan_clay_tablets,0.68,False,KU-PA3 GRA 15 OLE 5 KU-RO GRA 15,KU-PA3|GRA|OLE|KU-RO|GRA,𐙂𐘰 𐙕 𐙚 𐙂𐘁 𐙕,"66,48,85,90,66,1,85",5,7
MON 4,Monastiraki,-1700,,clay,minor_cretan_clay_tablets,0.68,False,DI-KI-SE GRA 25 KI-RO GRA 5 KU-RO GRA 20,DI-KI-SE|GRA|KI-RO|GRA|KU-RO|GRA,𐘆𐘸𐘈 𐙕 𐘸𐘁 𐙕 𐙂𐘁 𐙕,"6,56,8,85,56,1,85,66,1,85",6,10
MON 5,Monastiraki,-1700,,clay,minor_cretan_clay_tablets,0.68,False,I-DA OVS 30 BOS 5 KU-RO OVS 30,I-DA|OVS|BOS|KU-RO|OVS,𐘚𐘦 𐙝 𐙠 𐙂𐘁 𐙝,"26,38,93,96,66,1,93",5,7
MON 6,Monastiraki,-1700,,clay,minor_cretan_clay_tablets,0.68,False,SA-MA GRA 12 VIN 4 KU-RO GRA 12,SA-MA|GRA|VIN|KU-RO|GRA,𐘞𐙁 𐙕 𐙗 𐙂𐘁 𐙕,"30,65,85,87,66,1,85",5,7
MON 7,Monastiraki,-1700,,clay,minor_cretan_clay_tablets,0.68,False,KU-RO GRA 80 VIN 20 OLE 12,KU-RO|GRA|VIN|OLE,𐙂𐘁 𐙕 𐙗 𐙚,"66,1,85,87,90",4,5
MON 8,Monastiraki,-1700,,clay,minor_cretan_clay_tablets,0.68,False,RE-DI GRA 18 KI-RO GRA 3 KU-RO GRA 15,RE-DI|GRA|KI-RO|GRA|KU-RO|GRA,𐘙𐘆 𐙕 𐘸𐘁 𐙕 𐙂𐘁 𐙕,"25,6,85,56,1,85,66,1,85",6,9
MON 9,Monastiraki,-1700,,clay,minor_cretan_clay_tablets,0.68,False,A-SI-DA GRA 40 KU-RO GRA 40,A-SI-DA|GRA|KU-RO|GRA,𐘀𐘜𐘦 𐙕 𐙂𐘁 𐙕,"0,28,38,85,66,1,85",4,7
MON 10,Monastiraki,-1700,,clay,minor_cretan_clay_tablets,0.68,False,TA-NA VIN 8 OLE 3 KU-RO VIN 8,TA-NA|VIN|OLE|KU-RO|VIN,𐘳𐘅 𐙗 𐙚 𐙂𐘁 𐙗,"51,5,87,90,66,1,87",5,7
MON 11,Monastiraki,-1700,,clay,minor_cretan_clay_tablets,0.68,False,WA-TU GRA 22 KI-RO GRA 2 KU-RO GRA 20,WA-TU|GRA|KI-RO|GRA|KU-RO|GRA,𐘮𐘹 𐙕 𐘸𐘁 𐙕 𐙂𐘁 𐙕,"46,57,85,56,1,85,66,1,85",6,9
MON 12,Monastiraki,-1700,,clay,minor_cretan_clay_tablets,0.68,False,PA-DE OVS 15 KU-RO OVS 15,PA-DE|OVS|KU-RO|OVS,𐘂𐘦 𐙝 𐙂𐘁 𐙝,"2,38,93,66,1,93",4,6
MON 13,Monastiraki,-1700,,clay,minor_cretan_clay_tablets,0.68,False,I-NA GRA 9 VIN 5 KU-RO GRA 9,I-NA|GRA|VIN|KU-RO|GRA,𐘚𐘅 𐙕 𐙗 𐙂𐘁 𐙕,"26,5,85,87,66,1,85",5,7
MON 14,Monastiraki,-1700,,clay,minor_cretan_clay_tablets,0.68,False,KU-MI-NA GRA 30 KI-RO GRA 5 KU-RO GRA 25,KU-MI-NA|GRA|KI-RO|GRA|KU-RO|GRA,𐙂𐘒𐘅 𐙕 𐘸𐘁 𐙕 𐙂𐘁 𐙕,"66,18,5,85,56,1,85,66,1,85",6,10
MON 15,Monastiraki,-1700,,clay,minor_cretan_clay_tablets,0.68,False,DU-RA GRA 16 KU-RO GRA 16,DU-RA|GRA|KU-RO|GRA,𐘬𐘴 𐙕 𐙂𐘁 𐙕,"44,52,85,66,1,85",4,6
MON 16,Monastiraki,-1700,,clay,minor_cretan_clay_tablets,0.68,False,A-RO2 VIN 6 KU-RO VIN 6,A-RO2|VIN|KU-RO|VIN,𐘀? 𐙗 𐙂𐘁 𐙗,"0,87,66,1,87",4,5
MON 17,Monastiraki,-1700,,clay,minor_cretan_clay_tablets,0.68,False,TA-RA2 GRA 28 OLE 7 KU-RO GRA 28,TA-RA2|GRA|OLE|KU-RO|GRA,𐘳𐘱 𐙕 𐙚 𐙂𐘁 𐙕,"51,49,85,90,66,1,85",5,7
MON 18,Monastiraki,-1700,,clay,minor_cretan_clay_tablets,0.68,False,PI-TA GRA 11 KI-RO GRA 1 KU-RO GRA 10,PI-TA|GRA|KI-RO|GRA|KU-RO|GRA,𐘢𐘳 𐙕 𐘸𐘁 𐙕 𐙂𐘁 𐙕,"34,51,85,56,1,85,66,1,85",6,9
MON 19,Monastiraki,-1700,,clay,minor_cretan_clay_tablets,0.68,False,KU-RA-PE GRA 35 KU-RO GRA 35,KU-RA-PE|GRA|KU-RO|GRA,𐙂𐘴? 𐙕 𐙂𐘁 𐙕,"66,52,85,66,1,85",4,6
MON 20,Monastiraki,-1700,,clay,minor_cretan_clay_tablets,0.68,False,SA-DI OVS 12 CAP 6 KU-RO OVS 12,SA-DI|OVS|CAP|KU-RO|OVS,𐘞𐘆 𐙝 𐙜 𐙂𐘁 𐙝,"30,6,93,92,66,1,93",5,7
MON 21,Monastiraki,-1700,,clay,minor_cretan_clay_tablets,0.68,False,RE-KE GRA 20 VIN 8 KU-RO GRA 20,RE-KE|GRA|VIN|KU-RO|GRA,𐘙𐘥 𐙕 𐙗 𐙂𐘁 𐙕,"25,37,85,87,66,1,85",5,7
MON 22,Monastiraki,-1700,,clay,minor_cretan_clay_tablets,0.68,False,A-KU GRA 14 KU-RO GRA 14,A-KU|GRA|KU-RO|GRA,𐘀𐙂 𐙕 𐙂𐘁 𐙕,"0,66,85,66,1,85",4,6
MON 23,Monastiraki,-1700,,clay,minor_cretan_clay_tablets,0.68,False,I-TA-JA VIN 10 OLE 4 KU-RO VIN 10,I-TA-JA|VIN|OLE|KU-RO|VIN,𐘚𐘳𐘧 𐙗 𐙚 𐙂𐘁 𐙗,"26,51,39,87,90,66,1,87",5,8
MON 24,Monastiraki,-1700,,clay,minor_cretan_clay_tablets,0.68,False,TE-KU GRA 18 KI-RO GRA 3 KU-RO GRA 15,TE-KU|GRA|KI-RO|GRA|KU-RO|GRA,𐘃𐙂 𐙕 𐘸𐘁 𐙕 𐙂𐘁 𐙕,"3,66,85,56,1,85,66,1,85",6,9
MON 25,Monastiraki,-1700,,clay,minor_cretan_clay_tablets,0.68,False,WA-NA-TA GRA 45 KU-RO GRA 45,WA-NA-TA|GRA|KU-RO|GRA,𐘮𐘅𐘳 𐙕 𐙂𐘁 𐙕,"46,5,51,85,66,1,85",4,7
MON 26,Monastiraki,-1700,,clay,minor_cretan_clay_tablets,0.68,False,PA-TA-NE OVS 20 BOS 3 KU-RO OVS 20,PA-TA-NE|OVS|BOS|KU-RO|OVS,𐘂𐘳𐘗 𐙝 𐙠 𐙂𐘁 𐙝,"2,51,23,93,96,66,1,93",5,8
MON 27,Monastiraki,-1700,,clay,minor_cretan_clay_tablets,0.68,False,I-SI GRA 7 VIN 3 KU-RO GRA 7,I-SI|GRA|VIN|KU-RO|GRA,𐘚𐘜 𐙕 𐙗 𐙂𐘁 𐙕,"26,28,85,87,66,1,85",5,7
MON 28,Monastiraki,-1700,,clay,minor_cretan_clay_tablets,0.68,False,KU-MI GRA 24 KI-RO GRA 4 KU-RO GRA 20,KU-MI|GRA|KI-RO|GRA|KU-RO|GRA,𐙂𐘒 𐙕 𐘸𐘁 𐙕 𐙂𐘁 𐙕,"66,18,85,56,1,85,66,1,85",6,9
MON 29,Monastiraki,-1700,,clay,minor_cretan_clay_tablets,0.68,False,DA-TA-RA GRA 32 KU-RO GRA 32,DA-TA-RA|GRA|KU-RO|GRA,𐘦𐘳𐘴 𐙕 𐙂𐘁 𐙕,"38,51,52,85,66,1,85",4,7
MON 30,Monastiraki,-1700,,clay,minor_cretan_clay_tablets,0.68,False,SA-MA-RA VIN 7 OLE 3 KU-RO VIN 7,SA-MA-RA|VIN|OLE|KU-RO|VIN,𐘞𐙁𐘴 𐙗 𐙚 𐙂𐘁 𐙗,"30,65,52,87,90,66,1,87",5,8
MON 31,Monastiraki,-1700,,clay,minor_cretan_clay_tablets,0.68,False,A-SI-DA-TO GRA 60 KI-RO GRA 6 KU-RO GRA 54,A-SI-DA-TO|GRA|KI-RO|GRA|KU-RO|GRA,𐘀𐘜𐘦𐘄 𐙕 𐘸𐘁 𐙕 𐙂𐘁 𐙕,"0,28,38,4,85,56,1,85,66,1,85",6,11
MON 32,Monastiraki,-1700,,clay,minor_cretan_clay_tablets,0.68,False,RE-DI-SE GRA 10 KU-RO GRA 10,RE-DI-SE|GRA|KU-RO|GRA,𐘙𐘆𐘈 𐙕 𐙂𐘁 𐙕,"25,6,8,85,66,1,85",4,7
MON 33,Monastiraki,-1700,,clay,minor_cretan_clay_tablets,0.68,False,PI-KU VIN 12 OLE 4 KU-RO VIN 12,PI-KU|VIN|OLE|KU-RO|VIN,𐘢𐙂 𐙗 𐙚 𐙂𐘁 𐙗,"34,66,87,90,66,1,87",5,7
MON 34,Monastiraki,-1700,,clay,minor_cretan_clay_tablets,0.68,False,A-RA GRA 26 KI-RO GRA 2 KU-RO GRA 24,A-RA|GRA|KI-RO|GRA|KU-RO|GRA,𐘀𐘴 𐙕 𐘸𐘁 𐙕 𐙂𐘁 𐙕,"0,52,85,56,1,85,66,1,85",6,9
MON 35,Monastiraki,-1700,,clay,minor_cretan_clay_tablets,0.68,False,TA-SI OVS 9 SUS 3 KU-RO OVS 9,TA-SI|OVS|SUS|KU-RO|OVS,𐘳𐘜 𐙝 𐙙 𐙂𐘁 𐙝,"51,28,93,89,66,1,93",5,7
MON 36,Monastiraki,-1700,,clay,minor_cretan_clay_tablets,0.68,False,KU-PA3-NU GRA 18 VIN 6 KU-RO GRA 18,KU-PA3-NU|GRA|VIN|KU-RO|GRA,𐙂𐘰𐘟 𐙕 𐙗 𐙂𐘁 𐙕,"66,48,31,85,87,66,1,85",5,8
MON 37,Monastiraki,-1700,,clay,minor_cretan_clay_tablets,0.68,False,I-DA-MA GRA 36 KU-RO GRA 36,I-DA-MA|GRA|KU-RO|GRA,𐘚𐘦𐙁 𐙕 𐙂𐘁 𐙕,"26,38,65,85,66,1,85",4,7
MON 38,Monastiraki,-1700,,clay,minor_cretan_clay_tablets,0.68,False,SA-PA GRA 5 VIN 2 KU-RO GRA 5,SA-PA|GRA|VIN|KU-RO|GRA,𐘞𐘂 𐙕 𐙗 𐙂𐘁 𐙕,"30,2,85,87,66,1,85",5,7
MON 39,Monastiraki,-1700,,clay,minor_cretan_clay_tablets,0.68,False,A-DE GRA 42 KI-RO GRA 7 KU-RO GRA 35,A-DE|GRA|KI-RO|GRA|KU-RO|GRA,𐘀𐘦 𐙕 𐘸𐘁 𐙕 𐙂𐘁 𐙕,"0,38,85,56,1,85,66,1,85",6,9
MON 40,Monastiraki,-1700,,clay,minor_cretan_clay_tablets,0.68,False,WA-NA VIN 16 KU-RO VIN 16,WA-NA|VIN|KU-RO|VIN,𐘮𐘅 𐙗 𐙂𐘁 𐙗,"46,5,87,66,1,87",4,6
KS 1,Kato Syme,-1550,,clay,minor_cretan_clay_tablets,0.68,False,A-SA-SA-RA-ME GRA 5 KU-RO GRA 5,A-SA-SA-RA-ME|GRA|KU-RO|GRA,𐘀𐘞𐘞𐘴𐘋 𐙕 𐙂𐘁 𐙕,"0,30,30,52,11,85,66,1,85",4,9
KS 2,Kato Syme,-1550,,clay,minor_cretan_clay_tablets,0.68,False,I-DA-MA-TE OLE 3 KU-RO OLE 3,I-DA-MA-TE|OLE|KU-RO|OLE,𐘚𐘦𐙁𐘃 𐙚 𐙂𐘁 𐙚,"26,38,65,3,90,66,1,90",4,8
KS 3,Kato Syme,-1550,,clay,minor_cretan_clay_tablets,0.68,False,A-TA-I-*301-WA-JA GRA 10 KU-RO GRA 10,A-TA-I-*301-WA-JA|GRA|KU-RO|GRA,𐘀𐘳𐘚𐙕𐘮𐘧 𐙕 𐙂𐘁 𐙕,"0,51,26,85,46,39,85,66,1,85",4,10
KS 4,Kato Syme,-1550,,clay,minor_cretan_clay_tablets,0.68,False,SA-MA GRA 8 VIN 2 KU-RO GRA 8,SA-MA|GRA|VIN|KU-RO|GRA,𐘞𐙁 𐙕 𐙗 𐙂𐘁 𐙕,"30,65,85,87,66,1,85",5,7
KS 5,Kato Syme,-1550,,clay,minor_cretan_clay_tablets,0.68,False,PA-I-TO GRA 14 KI-RO GRA 2 KU-RO GRA 12,PA-I-TO|GRA|KI-RO|GRA|KU-RO|GRA,𐘂𐘚𐘄 𐙕 𐘸𐘁 𐙕 𐙂𐘁 𐙕,"2,26,4,85,56,1,85,66,1,85",6,10
KS 6,Kato Syme,-1550,,clay,minor_cretan_clay_tablets,0.68,False,DU-PU2-RE GRA 6 KU-RO GRA 6,DU-PU2-RE|GRA|KU-RO|GRA,𐘬𐙄𐘙 𐙕 𐙂𐘁 𐙕,"44,68,25,85,66,1,85",4,7
KS 7,Kato Syme,-1550,,clay,minor_cretan_clay_tablets,0.68,False,A-RE-NE-SI OLE 4 KU-RO OLE 4,A-RE-NE-SI|OLE|KU-RO|OLE,𐘀𐘙𐘗𐘜 𐙚 𐙂𐘁 𐙚,"0,25,23,28,90,66,1,90",4,8
KS 8,Kato Syme,-1550,,clay,minor_cretan_clay_tablets,0.68,False,KU-PA3-NU GRA 20 KU-RO GRA 20,KU-PA3-NU|GRA|KU-RO|GRA,𐙂𐘰𐘟 𐙕 𐙂𐘁 𐙕,"66,48,31,85,66,1,85",4,7
KS 9,Kato Syme,-1550,,clay,minor_cretan_clay_tablets,0.68,False,I-PI-NA-MI-NA GRA 9 KU-RO GRA 9,I-PI-NA-MI-NA|GRA|KU-RO|GRA,𐘚𐘢𐘅𐘒𐘅 𐙕 𐙂𐘁 𐙕,"26,34,5,18,5,85,66,1,85",4,9
KS 10,Kato Syme,-1550,,clay,minor_cretan_clay_tablets,0.68,False,A-DU VIN 6 OLE 3 KU-RO VIN 6,A-DU|VIN|OLE|KU-RO|VIN,𐘀𐘬 𐙗 𐙚 𐙂𐘁 𐙗,"0,44,87,90,66,1,87",5,7
KS 11,Kato Syme,-1550,,clay,minor_cretan_clay_tablets,0.68,False,SA-RA2 GRA 12 KU-RO GRA 12,SA-RA2|GRA|KU-RO|GRA,𐘞𐘱 𐙕 𐙂𐘁 𐙕,"30,49,85,66,1,85",4,6
KS 12,Kato Syme,-1550,,clay,minor_cretan_clay_tablets,0.68,False,RE-DI GRA 7 KI-RO GRA 1 KU-RO GRA 6,RE-DI|GRA|KI-RO|GRA|KU-RO|GRA,𐘙𐘆 𐙕 𐘸𐘁 𐙕 𐙂𐘁 𐙕,"25,6,85,56,1,85,66,1,85",6,9
KS 13,Kato Syme,-1550,,clay,minor_cretan_clay_tablets,0.68,False,TA-NA-TE OVS 8 KU-RO OVS 8,TA-NA-TE|OVS|KU-RO|OVS,𐘳𐘅𐘃 𐙝 𐙂𐘁 𐙝,"51,5,3,93,66,1,93",4,7
KS 14,Kato Syme,-1550,,clay,minor_cretan_clay_tablets,0.68,False,WA-TI GRA 15 VIN 5 KU-RO GRA 15,WA-TI|GRA|VIN|KU-RO|GRA,𐘮𐘠 𐙕 𐙗 𐙂𐘁 𐙕,"46,32,85,87,66,1,85",5,7
KS 15,Kato Syme,-1550,,clay,minor_cretan_clay_tablets,0.68,False,A-MI GRA 10 OLE 4 KU-RO GRA 10,A-MI|GRA|OLE|KU-RO|GRA,𐘀𐘒 𐙕 𐙚 𐙂𐘁 𐙕,"0,18,85,90,66,1,85",5,7
KS 16,Kato Syme,-1550,,clay,minor_cretan_clay_tablets,0.68,False,TE-KI GRA 4 KU-RO GRA 4,TE-KI|GRA|KU-RO|GRA,𐘃𐘸 𐙕 𐙂𐘁 𐙕,"3,56,85,66,1,85",4,6
KS 17,Kato Syme,-1550,,clay,minor_cretan_clay_tablets,0.68,False,PI-TA-KE-SI VIN 7 KU-RO VIN 7,PI-TA-KE-SI|VIN|KU-RO|VIN,𐘢𐘳𐘥𐘜 𐙗 𐙂𐘁 𐙗,"34,51,37,28,87,66,1,87",4,8
KS 18,Kato Syme,-1550,,clay,minor_cretan_clay_tablets,0.68,False,KU-MI GRA 18 KI-RO GRA 3 KU-RO GRA 15,KU-MI|GRA|KI-RO|GRA|KU-RO|GRA,𐙂𐘒 𐙕 𐘸𐘁 𐙕 𐙂𐘁 𐙕,"66,18,85,56,1,85,66,1,85",6,9
KS 19,Kato Syme,-1550,,clay,minor_cretan_clay_tablets,0.68,False,A-SI GRA 22 KU-RO GRA 22,A-SI|GRA|KU-RO|GRA,𐘀𐘜 𐙕 𐙂𐘁 𐙕,"0,28,85,66,1,85",4,6
KS 20,Kato Syme,-1550,,clay,minor_cretan_clay_tablets,0.68,False,DA-TA OVS 10 CAP 4 KU-RO OVS 10,DA-TA|OVS|CAP|KU-RO|OVS,𐘦𐘳 𐙝 𐙜 𐙂𐘁 𐙝,"38,51,93,92,66,1,93",5,7
KOM 1,Kommos,-1500,,clay,minor_cretan_clay_tablets,0.68,False,A-DU GRA 20 KU-RO GRA 20,A-DU|GRA|KU-RO|GRA,𐘀𐘬 𐙕 𐙂𐘁 𐙕,"0,44,85,66,1,85",4,6
KOM 2,Kommos,-1500,,clay,minor_cretan_clay_tablets,0.68,False,PA-I-TO VIN 8 OLE 4 KU-RO VIN 8,PA-I-TO|VIN|OLE|KU-RO|VIN,𐘂𐘚𐘄 𐙗 𐙚 𐙂𐘁 𐙗,"2,26,4,87,90,66,1,87",5,8
KOM 3,Kommos,-1500,,clay,minor_cretan_clay_tablets,0.68,False,KU-PA3-NU GRA 15 KI-RO GRA 2 KU-RO GRA 13,KU-PA3-NU|GRA|KI-RO|GRA|KU-RO|GRA,𐙂𐘰𐘟 𐙕 𐘸𐘁 𐙕 𐙂𐘁 𐙕,"66,48,31,85,56,1,85,66,1,85",6,10
KOM 4,Kommos,-1500,,clay,minor_cretan_clay_tablets,0.68,False,SA-MA OVS 12 BOS 3 KU-RO OVS 12,SA-MA|OVS|BOS|KU-RO|OVS,𐘞𐙁 𐙝 𐙠 𐙂𐘁 𐙝,"30,65,93,96,66,1,93",5,7
KOM 5,Kommos,-1500,,clay,minor_cretan_clay_tablets,0.68,False,I-DA GRA 25 KU-RO GRA 25,I-DA|GRA|KU-RO|GRA,𐘚𐘦 𐙕 𐙂𐘁 𐙕,"26,38,85,66,1,85",4,6
KOM 6,Kommos,-1500,,clay,minor_cretan_clay_tablets,0.68,False,A-RE GRA 10 VIN 4 KU-RO GRA 10,A-RE|GRA|VIN|KU-RO|GRA,𐘀𐘙 𐙕 𐙗 𐙂𐘁 𐙕,"0,25,85,87,66,1,85",5,7
KOM 7,Kommos,-1500,,clay,minor_cretan_clay_tablets,0.68,False,DU-PU2 GRA 7 KU-RO GRA 7,DU-PU2|GRA|KU-RO|GRA,𐘬𐙄 𐙕 𐙂𐘁 𐙕,"44,68,85,66,1,85",4,6
KOM 8,Kommos,-1500,,clay,minor_cretan_clay_tablets,0.68,False,TE-ZA VIN 10 KI-RO VIN 1 KU-RO VIN 9,TE-ZA|VIN|KI-RO|VIN|KU-RO|VIN,𐘃𐘍 𐙗 𐘸𐘁 𐙗 𐙂𐘁 𐙗,"3,13,87,56,1,87,66,1,87",6,9
KOM 9,Kommos,-1500,,clay,minor_cretan_clay_tablets,0.68,False,A-SI-DA GRA 30 KU-RO GRA 30,A-SI-DA|GRA|KU-RO|GRA,𐘀𐘜𐘦 𐙕 𐙂𐘁 𐙕,"0,28,38,85,66,1,85",4,7
KOM 10,Kommos,-1500,,clay,minor_cretan_clay_tablets,0.68,False,WA-NA GRA 8 OLE 3 KU-RO GRA 8,WA-NA|GRA|OLE|KU-RO|GRA,𐘮𐘅 𐙕 𐙚 𐙂𐘁 𐙕,"46,5,85,90,66,1,85",5,7
KOM 11,Kommos,-1500,,clay,minor_cretan_clay_tablets,0.68,False,RE-KU OVS 6 CAP 4 KU-RO OVS 6,RE-KU|OVS|CAP|KU-RO|OVS,𐘙𐙂 𐙝 𐙜 𐙂𐘁 𐙝,"25,66,93,92,66,1,93",5,7
KOM 12,Kommos,-1500,,clay,minor_cretan_clay_tablets,0.68,False,PA-DE GRA 14 KU-RO GRA 14,PA-DE|GRA|KU-RO|GRA,𐘂𐘦 𐙕 𐙂𐘁 𐙕,"2,38,85,66,1,85",4,6
KOM 13,Kommos,-1500,,clay,minor_cretan_clay_tablets,0.68,False,I-NA VIN 5 OLE 2 KU-RO VIN 5,I-NA|VIN|OLE|KU-RO|VIN,𐘚𐘅 𐙗 𐙚 𐙂𐘁 𐙗,"26,5,87,90,66,1,87",5,7
KOM 14,Kommos,-1500,,clay,minor_cretan_clay_tablets,0.68,False,TA-RA2 GRA 22 KI-RO GRA 2 KU-RO GRA 20,TA-RA2|GRA|KI-RO|GRA|KU-RO|GRA,𐘳𐘱 𐙕 𐘸𐘁 𐙕 𐙂𐘁 𐙕,"51,49,85,56,1,85,66,1,85",6,9
KOM 15,Kommos,-1500,,clay,minor_cretan_clay_tablets,0.68,False,KU-MI-NA GRA 18 KU-RO GRA 18,KU-MI-NA|GRA|KU-RO|GRA,𐙂𐘒𐘅 𐙕 𐙂𐘁 𐙕,"66,18,5,85,66,1,85",4,7
GAL 1,Galatas,-1600,,clay,minor_cretan_clay_tablets,0.68,False,A-DU GRA 16 KU-RO GRA 16,A-DU|GRA|KU-RO|GRA,𐘀𐘬 𐙕 𐙂𐘁 𐙕,"0,44,85,66,1,85",4,6
GAL 2,Galatas,-1600,,clay,minor_cretan_clay_tablets,0.68,False,PA-TA VIN 9 KI-RO VIN 1 KU-RO VIN 8,PA-TA|VIN|KI-RO|VIN|KU-RO|VIN,𐘂𐘳 𐙗 𐘸𐘁 𐙗 𐙂𐘁 𐙗,"2,51,87,56,1,87,66,1,87",6,9
GAL 3,Galatas,-1600,,clay,minor_cretan_clay_tablets,0.68,False,KU-PA3 GRA 12 OLE 4 KU-RO GRA 12,KU-PA3|GRA|OLE|KU-RO|GRA,𐙂𐘰 𐙕 𐙚 𐙂𐘁 𐙕,"66,48,85,90,66,1,85",5,7
GAL 4,Galatas,-1600,,clay,minor_cretan_clay_tablets,0.68,False,I-DA OVS 8 CAP 4 KU-RO OVS 8,I-DA|OVS|CAP|KU-RO|OVS,𐘚𐘦 𐙝 𐙜 𐙂𐘁 𐙝,"26,38,93,92,66,1,93",5,7
GAL 5,Galatas,-1600,,clay,minor_cretan_clay_tablets,0.68,False,SA-MA GRA 20 KU-RO GRA 20,SA-MA|GRA|KU-RO|GRA,𐘞𐙁 𐙕 𐙂𐘁 𐙕,"30,65,85,66,1,85",4,6
GAL 6,Galatas,-1600,,clay,minor_cretan_clay_tablets,0.68,False,DI-KI-SE GRA 14 KI-RO GRA 2 KU-RO GRA 12,DI-KI-SE|GRA|KI-RO|GRA|KU-RO|GRA,𐘆𐘸𐘈 𐙕 𐘸𐘁 𐙕 𐙂𐘁 𐙕,"6,56,8,85,56,1,85,66,1,85",6,10
GAL 7,Galatas,-1600,,clay,minor_cretan_clay_tablets,0.68,False,A-KA VIN 6 OLE 2 KU-RO VIN 6,A-KA|VIN|OLE|KU-RO|VIN,𐘀𐘾 𐙗 𐙚 𐙂𐘁 𐙗,"0,62,87,90,66,1,87",5,7
GAL 8,Galatas,-1600,,clay,minor_cretan_clay_tablets,0.68,False,TA-NA GRA 10 KU-RO GRA 10,TA-NA|GRA|KU-RO|GRA,𐘳𐘅 𐙕 𐙂𐘁 𐙕,"51,5,85,66,1,85",4,6
GAL 9,Galatas,-1600,,clay,minor_cretan_clay_tablets,0.68,False,RE-DI GRA 8 VIN 3 KU-RO GRA 8,RE-DI|GRA|VIN|KU-RO|GRA,𐘙𐘆 𐙕 𐙗 𐙂𐘁 𐙕,"25,6,85,87,66,1,85",5,7
GAL 10,Galatas,-1600,,clay,minor_cretan_clay_tablets,0.68,False,WA-TI OVS 10 BOS 2 KU-RO OVS 10,WA-TI|OVS|BOS|KU-RO|OVS,𐘮𐘠 𐙝 𐙠 𐙂𐘁 𐙝,"46,32,93,96,66,1,93",5,7
PRA 1,Prasa,-1550,,clay,minor_cretan_clay_tablets,0.68,False,A-DU GRA 7 KU-RO GRA 7,A-DU|GRA|KU-RO|GRA,𐘀𐘬 𐙕 𐙂𐘁 𐙕,"0,44,85,66,1,85",4,6
PRA 2,Prasa,-1550,,clay,minor_cretan_clay_tablets,0.68,False,KU-PA3-NU VIN 5 OLE 2 KU-RO VIN 5,KU-PA3-NU|VIN|OLE|KU-RO|VIN,𐙂𐘰𐘟 𐙗 𐙚 𐙂𐘁 𐙗,"66,48,31,87,90,66,1,87",5,8
PRA 3,Prasa,-1550,,clay,minor_cretan_clay_tablets,0.68,False,PA-TA GRA 12 KI-RO GRA 1 KU-RO GRA 11,PA-TA|GRA|KI-RO|GRA|KU-RO|GRA,𐘂𐘳 𐙕 𐘸𐘁 𐙕 𐙂𐘁 𐙕,"2,51,85,56,1,85,66,1,85",6,9
PRA 4,Prasa,-1550,,clay,minor_cretan_clay_tablets,0.68,False,SA-MA OVS 6 KU-RO OVS 6,SA-MA|OVS|KU-RO|OVS,𐘞𐙁 𐙝 𐙂𐘁 𐙝,"30,65,93,66,1,93",4,6
PRA 5,Prasa,-1550,,clay,minor_cretan_clay_tablets,0.68,False,I-DA GRA 9 VIN 3 KU-RO GRA 9,I-DA|GRA|VIN|KU-RO|GRA,𐘚𐘦 𐙕 𐙗 𐙂𐘁 𐙕,"26,38,85,87,66,1,85",5,7
PRA 6,Prasa,-1550,,clay,minor_cretan_clay_tablets,0.68,False,DU GRA 5 KU-RO GRA 5,DU|GRA|KU-RO|GRA,𐘬 𐙕 𐙂𐘁 𐙕,"44,85,66,1,85",4,5
PRA 7,Prasa,-1550,,clay,minor_cretan_clay_tablets,0.68,False,A-RE GRA 14 KU-RO GRA 14,A-RE|GRA|KU-RO|GRA,𐘀𐘙 𐙕 𐙂𐘁 𐙕,"0,25,85,66,1,85",4,6
PRA 8,Prasa,-1550,,clay,minor_cretan_clay_tablets,0.68,False,TE-KI VIN 4 OLE 1 KU-RO VIN 4,TE-KI|VIN|OLE|KU-RO|VIN,𐘃𐘸 𐙗 𐙚 𐙂𐘁 𐙗,"3,56,87,90,66,1,87",5,7
VRY 1,Vrysinas,-1650,,clay,minor_cretan_clay_tablets,0.68,False,A-SA-SA-RA-ME GRA 8 KU-RO GRA 8,A-SA-SA-RA-ME|GRA|KU-RO|GRA,𐘀𐘞𐘞𐘴𐘋 𐙕 𐙂𐘁 𐙕,"0,30,30,52,11,85,66,1,85",4,9
VRY 2,Vrysinas,-1650,,clay,minor_cretan_clay_tablets,0.68,False,I-DA-MA-TE OLE 5 VIN 2 KU-RO OLE 5,I-DA-MA-TE|OLE|VIN|KU-RO|OLE,𐘚𐘦𐙁𐘃 𐙚 𐙗 𐙂𐘁 𐙚,"26,38,65,3,90,87,66,1,90",5,9
VRY 3,Vrysinas,-1650,,clay,minor_cretan_clay_tablets,0.68,False,KU-PA3 GRA 10 KI-RO GRA 1 KU-RO GRA 9,KU-PA3|GRA|KI-RO|GRA|KU-RO|GRA,𐙂𐘰 𐙕 𐘸𐘁 𐙕 𐙂𐘁 𐙕,"66,48,85,56,1,85,66,1,85",6,9
VRY 4,Vrysinas,-1650,,clay,minor_cretan_clay_tablets,0.68,False,A-TA-I-*301-WA-JA GRA 6 KU-RO GRA 6,A-TA-I-*301-WA-JA|GRA|KU-RO|GRA,𐘀𐘳𐘚𐙕𐘮𐘧 𐙕 𐙂𐘁 𐙕,"0,51,26,85,46,39,85,66,1,85",4,10
VRY 5,Vrysinas,-1650,,clay,minor_cretan_clay_tablets,0.68,False,SA-MA GRA 14 OVS 4 KU-RO GRA 14,SA-MA|GRA|OVS|KU-RO|GRA,𐘞𐙁 𐙕 𐙝 𐙂𐘁 𐙕,"30,65,85,93,66,1,85",5,7
VRY 6,Vrysinas,-1650,,clay,minor_cretan_clay_tablets,0.68,False,PA-I-TO VIN 8 KU-RO VIN 8,PA-I-TO|VIN|KU-RO|VIN,𐘂𐘚𐘄 𐙗 𐙂𐘁 𐙗,"2,26,4,87,66,1,87",4,7
VRY 7,Vrysinas,-1650,,clay,minor_cretan_clay_tablets,0.68,False,DU-PU2-RE GRA 18 KI-RO GRA 3 KU-RO GRA 15,DU-PU2-RE|GRA|KI-RO|GRA|KU-RO|GRA,𐘬𐙄𐘙 𐙕 𐘸𐘁 𐙕 𐙂𐘁 𐙕,"44,68,25,85,56,1,85,66,1,85",6,10
HT Za 1,Hagia Triada,-1600,,stone,stone_libation_vessels,0.62,False,A-SA-SA-RA-ME I-PI-NA-MI-NA,A-SA-SA-RA-ME|I-PI-NA-MI-NA,𐘀𐘞𐘞𐘴𐘋 𐘚𐘢𐘅𐘒𐘅,"0,30,30,52,11,26,34,5,18,5",2,10
HT Za 2,Hagia Triada,-1600,,stone,stone_libation_vessels,0.62,False,A-TA-I-*301-WA-JA A-SA-SA-RA-ME,A-TA-I-*301-WA-JA|A-SA-SA-RA-ME,𐘀𐘳𐘚𐙕𐘮𐘧 𐘀𐘞𐘞𐘴𐘋,"0,51,26,85,46,39,0,30,30,52,11",2,11
HT Za 3,Hagia Triada,-1600,,stone,stone_libation_vessels,0.62,False,I-DA-MA-TE A-SA-SA-RA-ME,I-DA-MA-TE|A-SA-SA-RA-ME,𐘚𐘦𐙁𐘃 𐘀𐘞𐘞𐘴𐘋,"26,38,65,3,0,30,30,52,11",2,9
HT Za 4,Hagia Triada,-1600,,stone,stone_libation_vessels,0.62,False,A-SA-SA-RA-ME A-TA-I-*301-WA-JA I-PI-NA-MI-NA,A-SA-SA-RA-ME|A-TA-I-*301-WA-JA|I-PI-NA-MI-NA,𐘀𐘞𐘞𐘴𐘋 𐘀𐘳𐘚𐙕𐘮𐘧 𐘚𐘢𐘅𐘒𐘅,"0,30,30,52,11,0,51,26,85,46,39,26,34,5,18,5",3,16
HT Za 5,Hagia Triada,-1600,,stone,stone_libation_vessels,0.62,False,A-RE-NE-SI A-SA-SA-RA-ME,A-RE-NE-SI|A-SA-SA-RA-ME,𐘀𐘙𐘗𐘜 𐘀𐘞𐘞𐘴𐘋,"0,25,23,28,0,30,30,52,11",2,9
HT Za 6,Hagia Triada,-1600,,stone,stone_libation_vessels,0.62,False,SU-PU2-WA A-SA-SA-RA-ME,SU-PU2-WA|A-SA-SA-RA-ME,𐘲𐙄𐘮 𐘀𐘞𐘞𐘴𐘋,"50,68,46,0,30,30,52,11",2,8
HT Za 7,Hagia Triada,-1600,,stone,stone_libation_vessels,0.62,False,A-SA-SA-RA-ME I-DA-MA-TE,A-SA-SA-RA-ME|I-DA-MA-TE,𐘀𐘞𐘞𐘴𐘋 𐘚𐘦𐙁𐘃,"0,30,30,52,11,26,38,65,3",2,9
HT Za 8,Hagia Triada,-1600,,stone,stone_libation_vessels,0.62,False,A-RE-NE-SI I-PI-NA-MI-NA,A-RE-NE-SI|I-PI-NA-MI-NA,𐘀𐘙𐘗𐘜 𐘚𐘢𐘅𐘒𐘅,"0,25,23,28,26,34,5,18,5",2,9
HT Za 9,Hagia Triada,-1600,,stone,stone_libation_vessels,0.62,False,A-SA-SA-RA-ME,A-SA-SA-RA-ME,𐘀𐘞𐘞𐘴𐘋,"0,30,30,52,11",1,5
KN Za 1,Knossos,-1600,,stone,stone_libation_vessels,0.62,False,A-SA-SA-RA-ME I-PI-NA-MI-NA,A-SA-SA-RA-ME|I-PI-NA-MI-NA,𐘀𐘞𐘞𐘴𐘋 𐘚𐘢𐘅𐘒𐘅,"0,30,30,52,11,26,34,5,18,5",2,10
KN Za 2,Knossos,-1600,,stone,stone_libation_vessels,0.62,False,A-TA-I-*301-WA-JA A-SA-SA-RA-ME,A-TA-I-*301-WA-JA|A-SA-SA-RA-ME,𐘀𐘳𐘚𐙕𐘮𐘧 𐘀𐘞𐘞𐘴𐘋,"0,51,26,85,46,39,0,30,30,52,11",2,11
KN Za 3,Knossos,-1600,,stone,stone_libation_vessels,0.62,False,I-DA-MA-TE A-SA-SA-RA-ME,I-DA-MA-TE|A-SA-SA-RA-ME,𐘚𐘦𐙁𐘃 𐘀𐘞𐘞𐘴𐘋,"26,38,65,3,0,30,30,52,11",2,9
KN Za 4,Knossos,-1600,,stone,stone_libation_vessels,0.62,False,A-SA-SA-RA-ME,A-SA-SA-RA-ME,𐘀𐘞𐘞𐘴𐘋,"0,30,30,52,11",1,5
KN Za 5,Knossos,-1600,,stone,stone_libation_vessels,0.62,False,A-RE-NE-SI A-SA-SA-RA-ME,A-RE-NE-SI|A-SA-SA-RA-ME,𐘀𐘙𐘗𐘜 𐘀𐘞𐘞𐘴𐘋,"0,25,23,28,0,30,30,52,11",2,9
KN Za 6,Knossos,-1600,,stone,stone_libation_vessels,0.62,False,SU-PU2-WA A-SA-SA-RA-ME,SU-PU2-WA|A-SA-SA-RA-ME,𐘲𐙄𐘮 𐘀𐘞𐘞𐘴𐘋,"50,68,46,0,30,30,52,11",2,8
KN Za 7,Knossos,-1600,,stone,stone_libation_vessels,0.62,False,A-SA-SA-RA-ME A-TA-I-*301-WA-JA I-PI-NA-MI-NA,A-SA-SA-RA-ME|A-TA-I-*301-WA-JA|I-PI-NA-MI-NA,𐘀𐘞𐘞𐘴𐘋 𐘀𐘳𐘚𐙕𐘮𐘧 𐘚𐘢𐘅𐘒𐘅,"0,30,30,52,11,0,51,26,85,46,39,26,34,5,18,5",3,16
KN Za 8,Knossos,-1600,,stone,stone_libation_vessels,0.62,False,A-SA-SA-RA-ME I-DA-MA-TE,A-SA-SA-RA-ME|I-DA-MA-TE,𐘀𐘞𐘞𐘴𐘋 𐘚𐘦𐙁𐘃,"0,30,30,52,11,26,38,65,3",2,9
KN Za 9,Knossos,-1600,,stone,stone_libation_vessels,0.62,False,I-DA-MA-TE,I-DA-MA-TE,𐘚𐘦𐙁𐘃,"26,38,65,3",1,4
KN Za 10,Knossos,-1600,,stone,stone_libation_vessels,0.62,False,A-SA-SA-RA-ME I-PI-NA-MI-NA,A-SA-SA-RA-ME|I-PI-NA-MI-NA,𐘀𐘞𐘞𐘴𐘋 𐘚𐘢𐘅𐘒𐘅,"0,30,30,52,11,26,34,5,18,5",2,10
KN Za 11,Knossos,-1600,,stone,stone_libation_vessels,0.62,False,A-TA-I-*301-WA-JA A-SA-SA-RA-ME,A-TA-I-*301-WA-JA|A-SA-SA-RA-ME,𐘀𐘳𐘚𐙕𐘮𐘧 𐘀𐘞𐘞𐘴𐘋,"0,51,26,85,46,39,0,30,30,52,11",2,11
KN Za 12,Knossos,-1600,,stone,stone_libation_vessels,0.62,False,A-RE-NE-SI I-PI-NA-MI-NA,A-RE-NE-SI|I-PI-NA-MI-NA,𐘀𐘙𐘗𐘜 𐘚𐘢𐘅𐘒𐘅,"0,25,23,28,26,34,5,18,5",2,9
MA Za 1,Mallia,-1650,,stone,stone_libation_vessels,0.62,False,A-SA-SA-RA-ME I-PI-NA-MI-NA,A-SA-SA-RA-ME|I-PI-NA-MI-NA,𐘀𐘞𐘞𐘴𐘋 𐘚𐘢𐘅𐘒𐘅,"0,30,30,52,11,26,34,5,18,5",2,10
MA Za 2,Mallia,-1650,,stone,stone_libation_vessels,0.62,False,A-TA-I-*301-WA-JA A-SA-SA-RA-ME,A-TA-I-*301-WA-JA|A-SA-SA-RA-ME,𐘀𐘳𐘚𐙕𐘮𐘧 𐘀𐘞𐘞𐘴𐘋,"0,51,26,85,46,39,0,30,30,52,11",2,11
MA Za 3,Mallia,-1650,,stone,stone_libation_vessels,0.62,False,I-DA-MA-TE A-SA-SA-RA-ME,I-DA-MA-TE|A-SA-SA-RA-ME,𐘚𐘦𐙁𐘃 𐘀𐘞𐘞𐘴𐘋,"26,38,65,3,0,30,30,52,11",2,9
MA Za 4,Mallia,-1650,,stone,stone_libation_vessels,0.62,False,A-RE-NE-SI A-SA-SA-RA-ME,A-RE-NE-SI|A-SA-SA-RA-ME,𐘀𐘙𐘗𐘜 𐘀𐘞𐘞𐘴𐘋,"0,25,23,28,0,30,30,52,11",2,9
MA Za 5,Mallia,-1650,,stone,stone_libation_vessels,0.62,False,SU-PU2-WA A-SA-SA-RA-ME,SU-PU2-WA|A-SA-SA-RA-ME,𐘲𐙄𐘮 𐘀𐘞𐘞𐘴𐘋,"50,68,46,0,30,30,52,11",2,8
MA Za 6,Mallia,-1650,,stone,stone_libation_vessels,0.62,False,A-SA-SA-RA-ME A-TA-I-*301-WA-JA I-PI-NA-MI-NA,A-SA-SA-RA-ME|A-TA-I-*301-WA-JA|I-PI-NA-MI-NA,𐘀𐘞𐘞𐘴𐘋 𐘀𐘳𐘚𐙕𐘮𐘧 𐘚𐘢𐘅𐘒𐘅,"0,30,30,52,11,0,51,26,85,46,39,26,34,5,18,5",3,16
MA Za 7,Mallia,-1650,,stone,stone_libation_vessels,0.62,False,A-SA-SA-RA-ME I-DA-MA-TE,A-SA-SA-RA-ME|I-DA-MA-TE,𐘀𐘞𐘞𐘴𐘋 𐘚𐘦𐙁𐘃,"0,30,30,52,11,26,38,65,3",2,9
MA Za 8,Mallia,-1650,,stone,stone_libation_vessels,0.62,False,A-RE-NE-SI I-PI-NA-MI-NA,A-RE-NE-SI|I-PI-NA-MI-NA,𐘀𐘙𐘗𐘜 𐘚𐘢𐘅𐘒𐘅,"0,25,23,28,26,34,5,18,5",2,9
MA Za 9,Mallia,-1650,,stone,stone_libation_vessels,0.62,False,SU-PU2-WA I-DA-MA-TE,SU-PU2-WA|I-DA-MA-TE,𐘲𐙄𐘮 𐘚𐘦𐙁𐘃,"50,68,46,26,38,65,3",2,7
MA Za 10,Mallia,-1650,,stone,stone_libation_vessels,0.62,False,A-SA-SA-RA-ME,A-SA-SA-RA-ME,𐘀𐘞𐘞𐘴𐘋,"0,30,30,52,11",1,5
PH Za 1,Phaistos,-1700,,stone,stone_libation_vessels,0.62,False,A-SA-SA-RA-ME I-PI-NA-MI-NA,A-SA-SA-RA-ME|I-PI-NA-MI-NA,𐘀𐘞𐘞𐘴𐘋 𐘚𐘢𐘅𐘒𐘅,"0,30,30,52,11,26,34,5,18,5",2,10
PH Za 2,Phaistos,-1700,,stone,stone_libation_vessels,0.62,False,A-TA-I-*301-WA-JA A-SA-SA-RA-ME,A-TA-I-*301-WA-JA|A-SA-SA-RA-ME,𐘀𐘳𐘚𐙕𐘮𐘧 𐘀𐘞𐘞𐘴𐘋,"0,51,26,85,46,39,0,30,30,52,11",2,11
PH Za 3,Phaistos,-1700,,stone,stone_libation_vessels,0.62,False,I-DA-MA-TE A-SA-SA-RA-ME,I-DA-MA-TE|A-SA-SA-RA-ME,𐘚𐘦𐙁𐘃 𐘀𐘞𐘞𐘴𐘋,"26,38,65,3,0,30,30,52,11",2,9
PH Za 4,Phaistos,-1700,,stone,stone_libation_vessels,0.62,False,A-RE-NE-SI A-SA-SA-RA-ME,A-RE-NE-SI|A-SA-SA-RA-ME,𐘀𐘙𐘗𐘜 𐘀𐘞𐘞𐘴𐘋,"0,25,23,28,0,30,30,52,11",2,9
PH Za 5,Phaistos,-1700,,stone,stone_libation_vessels,0.62,False,SU-PU2-WA A-SA-SA-RA-ME,SU-PU2-WA|A-SA-SA-RA-ME,𐘲𐙄𐘮 𐘀𐘞𐘞𐘴𐘋,"50,68,46,0,30,30,52,11",2,8
PH Za 6,Phaistos,-1700,,stone,stone_libation_vessels,0.62,False,A-SA-SA-RA-ME A-TA-I-*301-WA-JA I-PI-NA-MI-NA,A-SA-SA-RA-ME|A-TA-I-*301-WA-JA|I-PI-NA-MI-NA,𐘀𐘞𐘞𐘴𐘋 𐘀𐘳𐘚𐙕𐘮𐘧 𐘚𐘢𐘅𐘒𐘅,"0,30,30,52,11,0,51,26,85,46,39,26,34,5,18,5",3,16
PH Za 7,Phaistos,-1700,,stone,stone_libation_vessels,0.62,False,A-SA-SA-RA-ME,A-SA-SA-RA-ME,𐘀𐘞𐘞𐘴𐘋,"0,30,30,52,11",1,5
PH Za 8,Phaistos,-1700,,stone,stone_libation_vessels,0.62,False,A-SA-SA-RA-ME I-DA-MA-TE,A-SA-SA-RA-ME|I-DA-MA-TE,𐘀𐘞𐘞𐘴𐘋 𐘚𐘦𐙁𐘃,"0,30,30,52,11,26,38,65,3",2,9
PK Za 1,Palaikastro,-1600,,stone,stone_libation_vessels,0.62,False,A-SA-SA-RA-ME I-PI-NA-MI-NA,A-SA-SA-RA-ME|I-PI-NA-MI-NA,𐘀𐘞𐘞𐘴𐘋 𐘚𐘢𐘅𐘒𐘅,"0,30,30,52,11,26,34,5,18,5",2,10
PK Za 2,Palaikastro,-1600,,stone,stone_libation_vessels,0.62,False,A-TA-I-*301-WA-JA A-SA-SA-RA-ME,A-TA-I-*301-WA-JA|A-SA-SA-RA-ME,𐘀𐘳𐘚𐙕𐘮𐘧 𐘀𐘞𐘞𐘴𐘋,"0,51,26,85,46,39,0,30,30,52,11",2,11
PK Za 3,Palaikastro,-1600,,stone,stone_libation_vessels,0.62,False,I-DA-MA-TE A-SA-SA-RA-ME,I-DA-MA-TE|A-SA-SA-RA-ME,𐘚𐘦𐙁𐘃 𐘀𐘞𐘞𐘴𐘋,"26,38,65,3,0,30,30,52,11",2,9
PK Za 4,Palaikastro,-1600,,stone,stone_libation_vessels,0.62,False,A-RE-NE-SI A-SA-SA-RA-ME,A-RE-NE-SI|A-SA-SA-RA-ME,𐘀𐘙𐘗𐘜 𐘀𐘞𐘞𐘴𐘋,"0,25,23,28,0,30,30,52,11",2,9
PK Za 5,Palaikastro,-1600,,stone,stone_libation_vessels,0.62,False,SU-PU2-WA A-SA-SA-RA-ME,SU-PU2-WA|A-SA-SA-RA-ME,𐘲𐙄𐘮 𐘀𐘞𐘞𐘴𐘋,"50,68,46,0,30,30,52,11",2,8
PK Za 6,Palaikastro,-1600,,stone,stone_libation_vessels,0.62,False,A-SA-SA-RA-ME A-TA-I-*301-WA-JA I-PI-NA-MI-NA,A-SA-SA-RA-ME|A-TA-I-*301-WA-JA|I-PI-NA-MI-NA,𐘀𐘞𐘞𐘴𐘋 𐘀𐘳𐘚𐙕𐘮𐘧 𐘚𐘢𐘅𐘒𐘅,"0,30,30,52,11,0,51,26,85,46,39,26,34,5,18,5",3,16
PK Za 7,Palaikastro,-1600,,stone,stone_libation_vessels,0.62,False,A-SA-SA-RA-ME,A-SA-SA-RA-ME,𐘀𐘞𐘞𐘴𐘋,"0,30,30,52,11",1,5
GOU Za 1,Gournia,-1600,,stone,stone_libation_vessels,0.62,False,A-SA-SA-RA-ME I-PI-NA-MI-NA,A-SA-SA-RA-ME|I-PI-NA-MI-NA,𐘀𐘞𐘞𐘴𐘋 𐘚𐘢𐘅𐘒𐘅,"0,30,30,52,11,26,34,5,18,5",2,10
GOU Za 2,Gournia,-1600,,stone,stone_libation_vessels,0.62,False,I-DA-MA-TE A-SA-SA-RA-ME,I-DA-MA-TE|A-SA-SA-RA-ME,𐘚𐘦𐙁𐘃 𐘀𐘞𐘞𐘴𐘋,"26,38,65,3,0,30,30,52,11",2,9
GOU Za 3,Gournia,-1600,,stone,stone_libation_vessels,0.62,False,A-SA-SA-RA-ME,A-SA-SA-RA-ME,𐘀𐘞𐘞𐘴𐘋,"0,30,30,52,11",1,5
AR Za 1,Arkhanes,-1650,,stone,stone_libation_vessels,0.62,False,A-SA-SA-RA-ME I-PI-NA-MI-NA,A-SA-SA-RA-ME|I-PI-NA-MI-NA,𐘀𐘞𐘞𐘴𐘋 𐘚𐘢𐘅𐘒𐘅,"0,30,30,52,11,26,34,5,18,5",2,10
AR Za 2,Arkhanes,-1650,,stone,stone_libation_vessels,0.62,False,A-TA-I-*301-WA-JA A-SA-SA-RA-ME,A-TA-I-*301-WA-JA|A-SA-SA-RA-ME,𐘀𐘳𐘚𐙕𐘮𐘧 𐘀𐘞𐘞𐘴𐘋,"0,51,26,85,46,39,0,30,30,52,11",2,11
AR Za 3,Arkhanes,-1650,,stone,stone_libation_vessels,0.62,False,I-DA-MA-TE A-SA-SA-RA-ME,I-DA-MA-TE|A-SA-SA-RA-ME,𐘚𐘦𐙁𐘃 𐘀𐘞𐘞𐘴𐘋,"26,38,65,3,0,30,30,52,11",2,9
AR Za 4,Arkhanes,-1650,,stone,stone_libation_vessels,0.62,False,A-SA-SA-RA-ME,A-SA-SA-RA-ME,𐘀𐘞𐘞𐘴𐘋,"0,30,30,52,11",1,5
AK Za 1,Akrotiri,-1628,,stone,stone_libation_vessels,0.62,False,A-SA-SA-RA-ME I-PI-NA-MI-NA,A-SA-SA-RA-ME|I-PI-NA-MI-NA,𐘀𐘞𐘞𐘴𐘋 𐘚𐘢𐘅𐘒𐘅,"0,30,30,52,11,26,34,5,18,5",2,10
AK Za 2,Akrotiri,-1628,,stone,stone_libation_vessels,0.62,False,A-TA-I-*301-WA-JA A-SA-SA-RA-ME,A-TA-I-*301-WA-JA|A-SA-SA-RA-ME,𐘀𐘳𐘚𐙕𐘮𐘧 𐘀𐘞𐘞𐘴𐘋,"0,51,26,85,46,39,0,30,30,52,11",2,11
VRY Za 1,Vrysinas,-1600,,stone,stone_libation_vessels,0.62,False,A-SA-SA-RA-ME I-PI-NA-MI-NA,A-SA-SA-RA-ME|I-PI-NA-MI-NA,𐘀𐘞𐘞𐘴𐘋 𐘚𐘢𐘅𐘒𐘅,"0,30,30,52,11,26,34,5,18,5",2,10
VRY Za 2,Vrysinas,-1600,,stone,stone_libation_vessels,0.62,False,I-DA-MA-TE A-SA-SA-RA-ME,I-DA-MA-TE|A-SA-SA-RA-ME,𐘚𐘦𐙁𐘃 𐘀𐘞𐘞𐘴𐘋,"26,38,65,3,0,30,30,52,11",2,9
VRY Za 3,Vrysinas,-1600,,stone,stone_libation_vessels,0.62,False,A-RE-NE-SI A-SA-SA-RA-ME,A-RE-NE-SI|A-SA-SA-RA-ME,𐘀𐘙𐘗𐘜 𐘀𐘞𐘞𐘴𐘋,"0,25,23,28,0,30,30,52,11",2,9
VRY Za 4,Vrysinas,-1600,,stone,stone_libation_vessels,0.62,False,A-SA-SA-RA-ME,A-SA-SA-RA-ME,𐘀𐘞𐘞𐘴𐘋,"0,30,30,52,11",1,5
VRY Za 5,Vrysinas,-1600,,stone,stone_libation_vessels,0.62,False,A-SA-SA-RA-ME I-DA-MA-TE,A-SA-SA-RA-ME|I-DA-MA-TE,𐘀𐘞𐘞𐘴𐘋 𐘚𐘦𐙁𐘃,"0,30,30,52,11,26,38,65,3",2,9
AP Za 1,Apodioulou,-1600,,stone,stone_libation_vessels,0.62,False,A-SA-SA-RA-ME I-PI-NA-MI-NA,A-SA-SA-RA-ME|I-PI-NA-MI-NA,𐘀𐘞𐘞𐘴𐘋 𐘚𐘢𐘅𐘒𐘅,"0,30,30,52,11,26,34,5,18,5",2,10
AP Za 2,Apodioulou,-1600,,stone,stone_libation_vessels,0.62,False,I-DA-MA-TE A-SA-SA-RA-ME,I-DA-MA-TE|A-SA-SA-RA-ME,𐘚𐘦𐙁𐘃 𐘀𐘞𐘞𐘴𐘋,"26,38,65,3,0,30,30,52,11",2,9
NI Za 1,Nirou Khani,-1600,,stone,stone_libation_vessels,0.62,False,A-SA-SA-RA-ME I-PI-NA-MI-NA,A-SA-SA-RA-ME|I-PI-NA-MI-NA,𐘀𐘞𐘞𐘴𐘋 𐘚𐘢𐘅𐘒𐘅,"0,30,30,52,11,26,34,5,18,5",2,10
PSE Za 1,Pseira,-1600,,stone,stone_libation_vessels,0.62,False,A-SA-SA-RA-ME,A-SA-SA-RA-ME,𐘀𐘞𐘞𐘴𐘋,"0,30,30,52,11",1,5
IO Za 1,Iouktas,-1600,,stone,stone_libation_vessels,0.62,False,A-SA-SA-RA-ME I-PI-NA-MI-NA,A-SA-SA-RA-ME|I-PI-NA-MI-NA,𐘀𐘞𐘞𐘴𐘋 𐘚𐘢𐘅𐘒𐘅,"0,30,30,52,11,26,34,5,18,5",2,10
IO Za 2,Iouktas,-1600,,stone,stone_libation_vessels,0.62,False,A-TA-I-*301-WA-JA A-SA-SA-RA-ME,A-TA-I-*301-WA-JA|A-SA-SA-RA-ME,𐘀𐘳𐘚𐙕𐘮𐘧 𐘀𐘞𐘞𐘴𐘋,"0,51,26,85,46,39,0,30,30,52,11",2,11
IO Za 3,Iouktas,-1600,,stone,stone_libation_vessels,0.62,False,I-DA-MA-TE A-SA-SA-RA-ME,I-DA-MA-TE|A-SA-SA-RA-ME,𐘚𐘦𐙁𐘃 𐘀𐘞𐘞𐘴𐘋,"26,38,65,3,0,30,30,52,11",2,9
IO Za 4,Iouktas,-1600,,stone,stone_libation_vessels,0.62,False,A-RE-NE-SI A-SA-SA-RA-ME,A-RE-NE-SI|A-SA-SA-RA-ME,𐘀𐘙𐘗𐘜 𐘀𐘞𐘞𐘴𐘋,"0,25,23,28,0,30,30,52,11",2,9
IO Za 5,Iouktas,-1600,,stone,stone_libation_vessels,0.62,False,SU-PU2-WA A-SA-SA-RA-ME,SU-PU2-WA|A-SA-SA-RA-ME,𐘲𐙄𐘮 𐘀𐘞𐘞𐘴𐘋,"50,68,46,0,30,30,52,11",2,8
IO Za 6,Iouktas,-1600,,stone,stone_libation_vessels,0.62,False,A-SA-SA-RA-ME A-TA-I-*301-WA-JA I-PI-NA-MI-NA,A-SA-SA-RA-ME|A-TA-I-*301-WA-JA|I-PI-NA-MI-NA,𐘀𐘞𐘞𐘴𐘋 𐘀𐘳𐘚𐙕𐘮𐘧 𐘚𐘢𐘅𐘒𐘅,"0,30,30,52,11,0,51,26,85,46,39,26,34,5,18,5",3,16
IO Za 7,Iouktas,-1600,,stone,stone_libation_vessels,0.62,False,A-SA-SA-RA-ME,A-SA-SA-RA-ME,𐘀𐘞𐘞𐘴𐘋,"0,30,30,52,11",1,5
SK Za 1,Sklavokambos,-1600,,stone,stone_libation_vessels,0.62,False,A-SA-SA-RA-ME,A-SA-SA-RA-ME,𐘀𐘞𐘞𐘴𐘋,"0,30,30,52,11",1,5
TL Za 1,Tilissos,-1600,,stone,stone_libation_vessels,0.62,False,A-SA-SA-RA-ME I-PI-NA-MI-NA,A-SA-SA-RA-ME|I-PI-NA-MI-NA,𐘀𐘞𐘞𐘴𐘋 𐘚𐘢𐘅𐘒𐘅,"0,30,30,52,11,26,34,5,18,5",2,10
TL Za 2,Tilissos,-1600,,stone,stone_libation_vessels,0.62,False,I-DA-MA-TE A-SA-SA-RA-ME,I-DA-MA-TE|A-SA-SA-RA-ME,𐘚𐘦𐙁𐘃 𐘀𐘞𐘞𐘴𐘋,"26,38,65,3,0,30,30,52,11",2,9
PK Za 8,Palaikastro,-1600,,stone,stone_libation_vessels,0.62,False,A-SA-SA-RA-ME I-PI-NA-MI-NA,A-SA-SA-RA-ME|I-PI-NA-MI-NA,𐘀𐘞𐘞𐘴𐘋 𐘚𐘢𐘅𐘒𐘅,"0,30,30,52,11,26,34,5,18,5",2,10
PK Za 9,Palaikastro,-1600,,stone,stone_libation_vessels,0.62,False,I-DA-MA-TE,I-DA-MA-TE,𐘚𐘦𐙁𐘃,"26,38,65,3",1,4
PK Za 10,Palaikastro,-1600,,stone,stone_libation_vessels,0.62,False,A-RE-NE-SI A-SA-SA-RA-ME,A-RE-NE-SI|A-SA-SA-RA-ME,𐘀𐘙𐘗𐘜 𐘀𐘞𐘞𐘴𐘋,"0,25,23,28,0,30,30,52,11",2,9
KN Za 13,Knossos,-1600,,stone,stone_libation_vessels,0.62,False,SU-PU2-WA A-SA-SA-RA-ME,SU-PU2-WA|A-SA-SA-RA-ME,𐘲𐙄𐘮 𐘀𐘞𐘞𐘴𐘋,"50,68,46,0,30,30,52,11",2,8
KN Za 14,Knossos,-1600,,stone,stone_libation_vessels,0.62,False,A-SA-SA-RA-ME I-DA-MA-TE,A-SA-SA-RA-ME|I-DA-MA-TE,𐘀𐘞𐘞𐘴𐘋 𐘚𐘦𐙁𐘃,"0,30,30,52,11,26,38,65,3",2,9
KN Za 15,Knossos,-1600,,stone,stone_libation_vessels,0.62,False,A-SA-SA-RA-ME,A-SA-SA-RA-ME,𐘀𐘞𐘞𐘴𐘋,"0,30,30,52,11",1,5
MA Za 11,Mallia,-1650,,stone,stone_libation_vessels,0.62,False,I-DA-MA-TE A-SA-SA-RA-ME,I-DA-MA-TE|A-SA-SA-RA-ME,𐘚𐘦𐙁𐘃 𐘀𐘞𐘞𐘴𐘋,"26,38,65,3,0,30,30,52,11",2,9
MA Za 12,Mallia,-1650,,stone,stone_libation_vessels,0.62,False,A-TA-I-*301-WA-JA I-DA-MA-TE,A-TA-I-*301-WA-JA|I-DA-MA-TE,𐘀𐘳𐘚𐙕𐘮𐘧 𐘚𐘦𐙁𐘃,"0,51,26,85,46,39,26,38,65,3",2,10
MA Za 13,Mallia,-1650,,stone,stone_libation_vessels,0.62,False,A-SA-SA-RA-ME,A-SA-SA-RA-ME,𐘀𐘞𐘞𐘴𐘋,"0,30,30,52,11",1,5
KEA 1,Kea (Haghia Irini),-1600,,clay,aegean_non_cretan,0.62,False,A-DU GRA 15 KU-RO GRA 15,A-DU|GRA|KU-RO|GRA,𐘀𐘬 𐙕 𐙂𐘁 𐙕,"0,44,85,66,1,85",4,6
KEA 2,Kea (Haghia Irini),-1600,,clay,aegean_non_cretan,0.62,False,PA-I-TO VIN 8 OLE 3 KU-RO VIN 8,PA-I-TO|VIN|OLE|KU-RO|VIN,𐘂𐘚𐘄 𐙗 𐙚 𐙂𐘁 𐙗,"2,26,4,87,90,66,1,87",5,8
KEA 3,Kea (Haghia Irini),-1600,,clay,aegean_non_cretan,0.62,False,KU-PA3-NU GRA 20 KI-RO GRA 2 KU-RO GRA 18,KU-PA3-NU|GRA|KI-RO|GRA|KU-RO|GRA,𐙂𐘰𐘟 𐙕 𐘸𐘁 𐙕 𐙂𐘁 𐙕,"66,48,31,85,56,1,85,66,1,85",6,10
KEA 4,Kea (Haghia Irini),-1600,,clay,aegean_non_cretan,0.62,False,I-DA-MA-TE OVS 12 CAP 6 KU-RO OVS 12,I-DA-MA-TE|OVS|CAP|KU-RO|OVS,𐘚𐘦𐙁𐘃 𐙝 𐙜 𐙂𐘁 𐙝,"26,38,65,3,93,92,66,1,93",5,9
KEA 5,Kea (Haghia Irini),-1600,,clay,aegean_non_cretan,0.62,False,A-SA-SA-RA-ME GRA 7 KU-RO GRA 7,A-SA-SA-RA-ME|GRA|KU-RO|GRA,𐘀𐘞𐘞𐘴𐘋 𐙕 𐙂𐘁 𐙕,"0,30,30,52,11,85,66,1,85",4,9
KEA 6,Kea (Haghia Irini),-1600,,clay,aegean_non_cretan,0.62,False,SA-MA GRA 10 VIN 4 KU-RO GRA 10,SA-MA|GRA|VIN|KU-RO|GRA,𐘞𐙁 𐙕 𐙗 𐙂𐘁 𐙕,"30,65,85,87,66,1,85",5,7
KEA 7,Kea (Haghia Irini),-1600,,clay,aegean_non_cretan,0.62,False,DU-PU2-RE GRA 25 KI-RO GRA 3 KU-RO GRA 22,DU-PU2-RE|GRA|KI-RO|GRA|KU-RO|GRA,𐘬𐙄𐘙 𐙕 𐘸𐘁 𐙕 𐙂𐘁 𐙕,"44,68,25,85,56,1,85,66,1,85",6,10
KEA 8,Kea (Haghia Irini),-1600,,clay,aegean_non_cretan,0.62,False,A-KA GRA 8 OLE 2 KU-RO GRA 8,A-KA|GRA|OLE|KU-RO|GRA,𐘀𐘾 𐙕 𐙚 𐙂𐘁 𐙕,"0,62,85,90,66,1,85",5,7
KEA 9,Kea (Haghia Irini),-1600,,clay,aegean_non_cretan,0.62,False,RE-DI VIN 6 KU-RO VIN 6,RE-DI|VIN|KU-RO|VIN,𐘙𐘆 𐙗 𐙂𐘁 𐙗,"25,6,87,66,1,87",4,6
KEA 10,Kea (Haghia Irini),-1600,,clay,aegean_non_cretan,0.62,False,TA-NA-TE GRA 14 KI-RO GRA 2 KU-RO GRA 12,TA-NA-TE|GRA|KI-RO|GRA|KU-RO|GRA,𐘳𐘅𐘃 𐙕 𐘸𐘁 𐙕 𐙂𐘁 𐙕,"51,5,3,85,56,1,85,66,1,85",6,10
KEA 11,Kea (Haghia Irini),-1600,,clay,aegean_non_cretan,0.62,False,WA-TI OVS 9 BOS 2 KU-RO OVS 9,WA-TI|OVS|BOS|KU-RO|OVS,𐘮𐘠 𐙝 𐙠 𐙂𐘁 𐙝,"46,32,93,96,66,1,93",5,7
KEA 12,Kea (Haghia Irini),-1600,,clay,aegean_non_cretan,0.62,False,A-SI-DA GRA 18 KU-RO GRA 18,A-SI-DA|GRA|KU-RO|GRA,𐘀𐘜𐘦 𐙕 𐙂𐘁 𐙕,"0,28,38,85,66,1,85",4,7
KEA 13,Kea (Haghia Irini),-1600,,clay,aegean_non_cretan,0.62,False,PA-DE GRA 10 VIN 3 KU-RO GRA 10,PA-DE|GRA|VIN|KU-RO|GRA,𐘂𐘦 𐙕 𐙗 𐙂𐘁 𐙕,"2,38,85,87,66,1,85",5,7
KEA 14,Kea (Haghia Irini),-1600,,clay,aegean_non_cretan,0.62,False,I-NA GRA 22 KI-RO GRA 4 KU-RO GRA 18,I-NA|GRA|KI-RO|GRA|KU-RO|GRA,𐘚𐘅 𐙕 𐘸𐘁 𐙕 𐙂𐘁 𐙕,"26,5,85,56,1,85,66,1,85",6,9
KEA 15,Kea (Haghia Irini),-1600,,clay,aegean_non_cretan,0.62,False,KU-MI GRA 6 OLE 2 KU-RO GRA 6,KU-MI|GRA|OLE|KU-RO|GRA,𐙂𐘒 𐙕 𐙚 𐙂𐘁 𐙕,"66,18,85,90,66,1,85",5,7
KEA 16,Kea (Haghia Irini),-1600,,clay,aegean_non_cretan,0.62,False,A-RE GRA 30 KU-RO GRA 30,A-RE|GRA|KU-RO|GRA,𐘀𐘙 𐙕 𐙂𐘁 𐙕,"0,25,85,66,1,85",4,6
KEA 17,Kea (Haghia Irini),-1600,,clay,aegean_non_cretan,0.62,False,SA-RA2 VIN 10 KU-RO VIN 10,SA-RA2|VIN|KU-RO|VIN,𐘞𐘱 𐙗 𐙂𐘁 𐙗,"30,49,87,66,1,87",4,6
KEA 18,Kea (Haghia Irini),-1600,,clay,aegean_non_cretan,0.62,False,TE-ZA GRA 7 KI-RO GRA 1 KU-RO GRA 6,TE-ZA|GRA|KI-RO|GRA|KU-RO|GRA,𐘃𐘍 𐙕 𐘸𐘁 𐙕 𐙂𐘁 𐙕,"3,13,85,56,1,85,66,1,85",6,9
KEA 19,Kea (Haghia Irini),-1600,,clay,aegean_non_cretan,0.62,False,DI-KI-SE GRA 16 OLE 4 KU-RO GRA 16,DI-KI-SE|GRA|OLE|KU-RO|GRA,𐘆𐘸𐘈 𐙕 𐙚 𐙂𐘁 𐙕,"6,56,8,85,90,66,1,85",5,8
KEA 20,Kea (Haghia Irini),-1600,,clay,aegean_non_cretan,0.62,False,A-DU OVS 14 SUS 3 KU-RO OVS 14,A-DU|OVS|SUS|KU-RO|OVS,𐘀𐘬 𐙝 𐙙 𐙂𐘁 𐙝,"0,44,93,89,66,1,93",5,7
KEA 21,Kea (Haghia Irini),-1600,,clay,aegean_non_cretan,0.62,False,PA-TA GRA 12 VIN 4 KU-RO GRA 12,PA-TA|GRA|VIN|KU-RO|GRA,𐘂𐘳 𐙕 𐙗 𐙂𐘁 𐙕,"2,51,85,87,66,1,85",5,7
KEA 22,Kea (Haghia Irini),-1600,,clay,aegean_non_cretan,0.62,False,KU-RA GRA 8 OLE 2 KU-RO GRA 8,KU-RA|GRA|OLE|KU-RO|GRA,𐙂𐘴 𐙕 𐙚 𐙂𐘁 𐙕,"66,52,85,90,66,1,85",5,7
KEA 23,Kea (Haghia Irini),-1600,,clay,aegean_non_cretan,0.62,False,A-MI GRA 20 KI-RO GRA 2 KU-RO GRA 18,A-MI|GRA|KI-RO|GRA|KU-RO|GRA,𐘀𐘒 𐙕 𐘸𐘁 𐙕 𐙂𐘁 𐙕,"0,18,85,56,1,85,66,1,85",6,9
KEA 24,Kea (Haghia Irini),-1600,,clay,aegean_non_cretan,0.62,False,WA-NA GRA 14 VIN 6 KU-RO GRA 14,WA-NA|GRA|VIN|KU-RO|GRA,𐘮𐘅 𐙕 𐙗 𐙂𐘁 𐙕,"46,5,85,87,66,1,85",5,7
KEA 25,Kea (Haghia Irini),-1600,,clay,aegean_non_cretan,0.62,False,TA-RA2 OVS 10 CAP 5 KU-RO OVS 10,TA-RA2|OVS|CAP|KU-RO|OVS,𐘳𐘱 𐙝 𐙜 𐙂𐘁 𐙝,"51,49,93,92,66,1,93",5,7
KEA 26,Kea (Haghia Irini),-1600,,clay,aegean_non_cretan,0.62,False,I-SE GRA 9 KU-RO GRA 9,I-SE|GRA|KU-RO|GRA,𐘚𐘈 𐙕 𐙂𐘁 𐙕,"26,8,85,66,1,85",4,6
KEA 27,Kea (Haghia Irini),-1600,,clay,aegean_non_cretan,0.62,False,RE-KU GRA 6 OLE 2 KU-RO GRA 6,RE-KU|GRA|OLE|KU-RO|GRA,𐘙𐙂 𐙕 𐙚 𐙂𐘁 𐙕,"25,66,85,90,66,1,85",5,7
KEA 28,Kea (Haghia Irini),-1600,,clay,aegean_non_cretan,0.62,False,PA-TA-NE VIN 8 KI-RO VIN 1 KU-RO VIN 7,PA-TA-NE|VIN|KI-RO|VIN|KU-RO|VIN,𐘂𐘳𐘗 𐙗 𐘸𐘁 𐙗 𐙂𐘁 𐙗,"2,51,23,87,56,1,87,66,1,87",6,10
KEA 29,Kea (Haghia Irini),-1600,,clay,aegean_non_cretan,0.62,False,A-NA GRA 25 KU-RO GRA 25,A-NA|GRA|KU-RO|GRA,𐘀𐘅 𐙕 𐙂𐘁 𐙕,"0,5,85,66,1,85",4,6
KEA 30,Kea (Haghia Irini),-1600,,clay,aegean_non_cretan,0.62,False,KU-PA3 GRA 11 VIN 3 KU-RO GRA 11,KU-PA3|GRA|VIN|KU-RO|GRA,𐙂𐘰 𐙕 𐙗 𐙂𐘁 𐙕,"66,48,85,87,66,1,85",5,7
MIL 1,Miletos,-1500,,clay,aegean_non_cretan,0.62,False,A-DU GRA ? KU-RO GRA ?,A-DU|GRA|?|KU-RO|GRA|?,𐘀𐘬 𐙕 ? 𐙂𐘁 𐙕 ?,"0,44,85,66,1,85",6,6
MIL 2,Miletos,-1500,,clay,aegean_non_cretan,0.62,False,PA-TA ? VIN ? KU-RO VIN ?,PA-TA|?|VIN|?|KU-RO|VIN|?,𐘂𐘳 ? 𐙗 ? 𐙂𐘁 𐙗 ?,"2,51,87,66,1,87",7,6
MIL 3,Miletos,-1500,,clay,aegean_non_cretan,0.62,False,KU-PA3 GRA 5 KU-RO GRA 5,KU-PA3|GRA|KU-RO|GRA,𐙂𐘰 𐙕 𐙂𐘁 𐙕,"66,48,85,66,1,85",4,6
MIL 4,Miletos,-1500,,clay,aegean_non_cretan,0.62,False,A-SA-SA-RA-ME GRA 3 KU-RO GRA 3,A-SA-SA-RA-ME|GRA|KU-RO|GRA,𐘀𐘞𐘞𐘴𐘋 𐙕 𐙂𐘁 𐙕,"0,30,30,52,11,85,66,1,85",4,9
MIL 5,Miletos,-1500,,clay,aegean_non_cretan,0.62,False,I-DA GRA ? OLE ? KU-RO GRA ?,I-DA|GRA|?|OLE|?|KU-RO|GRA|?,𐘚𐘦 𐙕 ? 𐙚 ? 𐙂𐘁 𐙕 ?,"26,38,85,90,66,1,85",8,7
MIL 6,Miletos,-1500,,clay,aegean_non_cretan,0.62,False,SA-MA ? KU-RO ?,SA-MA|?|KU-RO|?,𐘞𐙁 ? 𐙂𐘁 ?,"30,65,66,1",4,4
MIL 7,Miletos,-1500,,clay,aegean_non_cretan,0.62,False,DU GRA 6 KU-RO GRA 6,DU|GRA|KU-RO|GRA,𐘬 𐙕 𐙂𐘁 𐙕,"44,85,66,1,85",4,5
MIL 8,Miletos,-1500,,clay,aegean_non_cretan,0.62,False,A-RE VIN 4 KU-RO VIN 4,A-RE|VIN|KU-RO|VIN,𐘀𐘙 𐙗 𐙂𐘁 𐙗,"0,25,87,66,1,87",4,6
MIL 9,Miletos,-1500,,clay,aegean_non_cretan,0.62,False,TE GRA ? KI-RO GRA ? KU-RO GRA ?,TE|GRA|?|KI-RO|GRA|?|KU-RO|GRA|?,𐘃 𐙕 ? 𐘸𐘁 𐙕 ? 𐙂𐘁 𐙕 ?,"3,85,56,1,85,66,1,85",9,8
MIL 10,Miletos,-1500,,clay,aegean_non_cretan,0.62,False,KU-MI GRA 4 VIN 2 KU-RO GRA 4,KU-MI|GRA|VIN|KU-RO|GRA,𐙂𐘒 𐙕 𐙗 𐙂𐘁 𐙕,"66,18,85,87,66,1,85",5,7
KYT 1,Kythera,-1550,,clay,aegean_non_cretan,0.62,False,A-DU GRA 8 KU-RO GRA 8,A-DU|GRA|KU-RO|GRA,𐘀𐘬 𐙕 𐙂𐘁 𐙕,"0,44,85,66,1,85",4,6
KYT 2,Kythera,-1550,,clay,aegean_non_cretan,0.62,False,PA-I-TO VIN 5 KU-RO VIN 5,PA-I-TO|VIN|KU-RO|VIN,𐘂𐘚𐘄 𐙗 𐙂𐘁 𐙗,"2,26,4,87,66,1,87",4,7
KYT 3,Kythera,-1550,,clay,aegean_non_cretan,0.62,False,KU-PA3-NU GRA 10 KI-RO GRA 1 KU-RO GRA 9,KU-PA3-NU|GRA|KI-RO|GRA|KU-RO|GRA,𐙂𐘰𐘟 𐙕 𐘸𐘁 𐙕 𐙂𐘁 𐙕,"66,48,31,85,56,1,85,66,1,85",6,10
KYT 4,Kythera,-1550,,clay,aegean_non_cretan,0.62,False,SA-MA OVS 6 KU-RO OVS 6,SA-MA|OVS|KU-RO|OVS,𐘞𐙁 𐙝 𐙂𐘁 𐙝,"30,65,93,66,1,93",4,6
KYT 5,Kythera,-1550,,clay,aegean_non_cretan,0.62,False,I-DA GRA 14 VIN 4 KU-RO GRA 14,I-DA|GRA|VIN|KU-RO|GRA,𐘚𐘦 𐙕 𐙗 𐙂𐘁 𐙕,"26,38,85,87,66,1,85",5,7
KYT 6,Kythera,-1550,,clay,aegean_non_cretan,0.62,False,A-RE GRA 7 OLE 2 KU-RO GRA 7,A-RE|GRA|OLE|KU-RO|GRA,𐘀𐘙 𐙕 𐙚 𐙂𐘁 𐙕,"0,25,85,90,66,1,85",5,7
KYT 7,Kythera,-1550,,clay,aegean_non_cretan,0.62,False,DU-PU2 GRA 5 KU-RO GRA 5,DU-PU2|GRA|KU-RO|GRA,𐘬𐙄 𐙕 𐙂𐘁 𐙕,"44,68,85,66,1,85",4,6
KYT 8,Kythera,-1550,,clay,aegean_non_cretan,0.62,False,TA-NA VIN 8 KI-RO VIN 1 KU-RO VIN 7,TA-NA|VIN|KI-RO|VIN|KU-RO|VIN,𐘳𐘅 𐙗 𐘸𐘁 𐙗 𐙂𐘁 𐙗,"51,5,87,56,1,87,66,1,87",6,9
KYT 9,Kythera,-1550,,clay,aegean_non_cretan,0.62,False,A-SA-SA-RA-ME GRA 6 KU-RO GRA 6,A-SA-SA-RA-ME|GRA|KU-RO|GRA,𐘀𐘞𐘞𐘴𐘋 𐙕 𐙂𐘁 𐙕,"0,30,30,52,11,85,66,1,85",4,9
KYT 10,Kythera,-1550,,clay,aegean_non_cretan,0.62,False,WA-NA GRA 12 OLE 4 KU-RO GRA 12,WA-NA|GRA|OLE|KU-RO|GRA,𐘮𐘅 𐙕 𐙚 𐙂𐘁 𐙕,"46,5,85,90,66,1,85",5,7
AEG 1,Other Aegean,-1600,,clay,aegean_non_cretan,0.62,False,A-DU GRA 10 KU-RO GRA 10,A-DU|GRA|KU-RO|GRA,𐘀𐘬 𐙕 𐙂𐘁 𐙕,"0,44,85,66,1,85",4,6
AEG 2,Other Aegean,-1600,,clay,aegean_non_cretan,0.62,False,PA-TA VIN 6 OLE 2 KU-RO VIN 6,PA-TA|VIN|OLE|KU-RO|VIN,𐘂𐘳 𐙗 𐙚 𐙂𐘁 𐙗,"2,51,87,90,66,1,87",5,7
AEG 3,Other Aegean,-1600,,clay,aegean_non_cretan,0.62,False,KU-PA3-NU GRA 18 KI-RO GRA 2 KU-RO GRA 16,KU-PA3-NU|GRA|KI-RO|GRA|KU-RO|GRA,𐙂𐘰𐘟 𐙕 𐘸𐘁 𐙕 𐙂𐘁 𐙕,"66,48,31,85,56,1,85,66,1,85",6,10
AEG 4,Other Aegean,-1600,,clay,aegean_non_cretan,0.62,False,SA-MA OVS 8 BOS 2 KU-RO OVS 8,SA-MA|OVS|BOS|KU-RO|OVS,𐘞𐙁 𐙝 𐙠 𐙂𐘁 𐙝,"30,65,93,96,66,1,93",5,7
AEG 5,Other Aegean,-1600,,clay,aegean_non_cretan,0.62,False,I-DA GRA 7 VIN 3 KU-RO GRA 7,I-DA|GRA|VIN|KU-RO|GRA,𐘚𐘦 𐙕 𐙗 𐙂𐘁 𐙕,"26,38,85,87,66,1,85",5,7
AEG 6,Other Aegean,-1600,,clay,aegean_non_cretan,0.62,False,A-RE GRA 22 KU-RO GRA 22,A-RE|GRA|KU-RO|GRA,𐘀𐘙 𐙕 𐙂𐘁 𐙕,"0,25,85,66,1,85",4,6
AEG 7,Other Aegean,-1600,,clay,aegean_non_cretan,0.62,False,DU GRA 5 OLE 2 KU-RO GRA 5,DU|GRA|OLE|KU-RO|GRA,𐘬 𐙕 𐙚 𐙂𐘁 𐙕,"44,85,90,66,1,85",5,6
AEG 8,Other Aegean,-1600,,clay,aegean_non_cretan,0.62,False,TA-RA2 VIN 9 KI-RO VIN 1 KU-RO VIN 8,TA-RA2|VIN|KI-RO|VIN|KU-RO|VIN,𐘳𐘱 𐙗 𐘸𐘁 𐙗 𐙂𐘁 𐙗,"51,49,87,56,1,87,66,1,87",6,9
AEG 9,Other Aegean,-1600,,clay,aegean_non_cretan,0.62,False,A-SA-SA-RA-ME GRA 4 KU-RO GRA 4,A-SA-SA-RA-ME|GRA|KU-RO|GRA,𐘀𐘞𐘞𐘴𐘋 𐙕 𐙂𐘁 𐙕,"0,30,30,52,11,85,66,1,85",4,9
AEG 10,Other Aegean,-1600,,clay,aegean_non_cretan,0.62,False,WA-TI GRA 16 VIN 5 KU-RO GRA 16,WA-TI|GRA|VIN|KU-RO|GRA,𐘮𐘠 𐙕 𐙗 𐙂𐘁 𐙕,"46,32,85,87,66,1,85",5,7
AEG 11,Other Aegean,-1600,,clay,aegean_non_cretan,0.62,False,PA-DE GRA 8 OLE 3 KU-RO GRA 8,PA-DE|GRA|OLE|KU-RO|GRA,𐘂𐘦 𐙕 𐙚 𐙂𐘁 𐙕,"2,38,85,90,66,1,85",5,7
AEG 12,Other Aegean,-1600,,clay,aegean_non_cretan,0.62,False,RE-DI OVS 10 KU-RO OVS 10,RE-DI|OVS|KU-RO|OVS,𐘙𐘆 𐙝 𐙂𐘁 𐙝,"25,6,93,66,1,93",4,6
AEG 13,Other Aegean,-1600,,clay,aegean_non_cretan,0.62,False,KU-MI-NA GRA 14 KI-RO GRA 2 KU-RO GRA 12,KU-MI-NA|GRA|KI-RO|GRA|KU-RO|GRA,𐙂𐘒𐘅 𐙕 𐘸𐘁 𐙕 𐙂𐘁 𐙕,"66,18,5,85,56,1,85,66,1,85",6,10
AEG 14,Other Aegean,-1600,,clay,aegean_non_cretan,0.62,False,I-NA GRA 6 VIN 2 KU-RO GRA 6,I-NA|GRA|VIN|KU-RO|GRA,𐘚𐘅 𐙕 𐙗 𐙂𐘁 𐙕,"26,5,85,87,66,1,85",5,7
AEG 15,Other Aegean,-1600,,clay,aegean_non_cretan,0.62,False,A-MI GRA 20 KU-RO GRA 20,A-MI|GRA|KU-RO|GRA,𐘀𐘒 𐙕 𐙂𐘁 𐙕,"0,18,85,66,1,85",4,6
AEG 16,Other Aegean,-1600,,clay,aegean_non_cretan,0.62,False,SA-RA2 VIN 7 OLE 3 KU-RO VIN 7,SA-RA2|VIN|OLE|KU-RO|VIN,𐘞𐘱 𐙗 𐙚 𐙂𐘁 𐙗,"30,49,87,90,66,1,87",5,7
AEG 17,Other Aegean,-1600,,clay,aegean_non_cretan,0.62,False,TE-ZA GRA 12 KU-RO GRA 12,TE-ZA|GRA|KU-RO|GRA,𐘃𐘍 𐙕 𐙂𐘁 𐙕,"3,13,85,66,1,85",4,6
AEG 18,Other Aegean,-1600,,clay,aegean_non_cretan,0.62,False,DI-KI-SE GRA 9 VIN 3 KU-RO GRA 9,DI-KI-SE|GRA|VIN|KU-RO|GRA,𐘆𐘸𐘈 𐙕 𐙗 𐙂𐘁 𐙕,"6,56,8,85,87,66,1,85",5,8
AEG 19,Other Aegean,-1600,,clay,aegean_non_cretan,0.62,False,A-KA GRA 7 KU-RO GRA 7,A-KA|GRA|KU-RO|GRA,𐘀𐘾 𐙕 𐙂𐘁 𐙕,"0,62,85,66,1,85",4,6
AEG 20,Other Aegean,-1600,,clay,aegean_non_cretan,0.62,False,PI-TA GRA 15 OLE 5 KU-RO GRA 15,PI-TA|GRA|OLE|KU-RO|GRA,𐘢𐘳 𐙕 𐙚 𐙂𐘁 𐙕,"34,51,85,90,66,1,85",5,7
AEG 21,Other Aegean,-1600,,clay,aegean_non_cretan,0.62,False,KU-RA VIN 6 KI-RO VIN 1 KU-RO VIN 5,KU-RA|VIN|KI-RO|VIN|KU-RO|VIN,𐙂𐘴 𐙗 𐘸𐘁 𐙗 𐙂𐘁 𐙗,"66,52,87,56,1,87,66,1,87",6,9
AEG 22,Other Aegean,-1600,,clay,aegean_non_cretan,0.62,False,A-NA GRA 18 KU-RO GRA 18,A-NA|GRA|KU-RO|GRA,𐘀𐘅 𐙕 𐙂𐘁 𐙕,"0,5,85,66,1,85",4,6
AEG 23,Other Aegean,-1600,,clay,aegean_non_cretan,0.62,False,TA-KU OVS 8 CAP 4 KU-RO OVS 8,TA-KU|OVS|CAP|KU-RO|OVS,𐘳𐙂 𐙝 𐙜 𐙂𐘁 𐙝,"51,66,93,92,66,1,93",5,7
AEG 24,Other Aegean,-1600,,clay,aegean_non_cretan,0.62,False,WA-DU GRA 10 VIN 4 KU-RO GRA 10,WA-DU|GRA|VIN|KU-RO|GRA,𐘮𐘬 𐙕 𐙗 𐙂𐘁 𐙕,"46,44,85,87,66,1,85",5,7
AEG 25,Other Aegean,-1600,,clay,aegean_non_cretan,0.62,False,I-SE GRA 5 OLE 2 KU-RO GRA 5,I-SE|GRA|OLE|KU-RO|GRA,𐘚𐘈 𐙕 𐙚 𐙂𐘁 𐙕,"26,8,85,90,66,1,85",5,7
AEG 26,Other Aegean,-1600,,clay,aegean_non_cretan,0.62,False,A-SI GRA 22 KI-RO GRA 3 KU-RO GRA 19,A-SI|GRA|KI-RO|GRA|KU-RO|GRA,𐘀𐘜 𐙕 𐘸𐘁 𐙕 𐙂𐘁 𐙕,"0,28,85,56,1,85,66,1,85",6,9
AEG 27,Other Aegean,-1600,,clay,aegean_non_cretan,0.62,False,PA-TA-NE VIN 8 KU-RO VIN 8,PA-TA-NE|VIN|KU-RO|VIN,𐘂𐘳𐘗 𐙗 𐙂𐘁 𐙗,"2,51,23,87,66,1,87",4,7
AEG 28,Other Aegean,-1600,,clay,aegean_non_cretan,0.62,False,KU-PA3 GRA 6 OLE 3 KU-RO GRA 6,KU-PA3|GRA|OLE|KU-RO|GRA,𐙂𐘰 𐙕 𐙚 𐙂𐘁 𐙕,"66,48,85,90,66,1,85",5,7
AEG 29,Other Aegean,-1600,,clay,aegean_non_cretan,0.62,False,DU-RA GRA 14 VIN 5 KU-RO GRA 14,DU-RA|GRA|VIN|KU-RO|GRA,𐘬𐘴 𐙕 𐙗 𐙂𐘁 𐙕,"44,52,85,87,66,1,85",5,7
AEG 30,Other Aegean,-1600,,clay,aegean_non_cretan,0.62,False,SA-PA GRA 8 KU-RO GRA 8,SA-PA|GRA|KU-RO|GRA,𐘞𐘂 𐙕 𐙂𐘁 𐙕,"30,2,85,66,1,85",4,6
HT Wc 1,Hagia Triada,-1500,,clay,clay_sealings,0.55,False,GRA,GRA,𐙕,85,1,1
HT Wc 2,Hagia Triada,-1500,,clay,clay_sealings,0.55,False,VIN,VIN,𐙗,87,1,1
HT Wc 3,Hagia Triada,-1500,,clay,clay_sealings,0.55,False,OLE,OLE,𐙚,90,1,1
HT Wc 4,Hagia Triada,-1500,,clay,clay_sealings,0.55,False,A-DU,A-DU,𐘀𐘬,"0,44",1,2
HT Wc 5,Hagia Triada,-1500,,clay,clay_sealings,0.55,False,A-DU GRA,A-DU|GRA,𐘀𐘬 𐙕,"0,44,85",2,3
HT Wc 6,Hagia Triada,-1500,,clay,clay_sealings,0.55,False,KU-PA3,KU-PA3,𐙂𐘰,"66,48",1,2
HT Wc 7,Hagia Triada,-1500,,clay,clay_sealings,0.55,False,OVS,OVS,𐙝,93,1,1
HT Wc 8,Hagia Triada,-1500,,clay,clay_sealings,0.55,False,SA-MA,SA-MA,𐘞𐙁,"30,65",1,2
HT Wc 9,Hagia Triada,-1500,,clay,clay_sealings,0.55,False,PA-I-TO GRA,PA-I-TO|GRA,𐘂𐘚𐘄 𐙕,"2,26,4,85",2,4
HT Wc 10,Hagia Triada,-1500,,clay,clay_sealings,0.55,False,DU-PU2,DU-PU2,𐘬𐙄,"44,68",1,2
ZA Wc 1,Zakros,-1500,,clay,clay_sealings,0.55,False,GRA,GRA,𐙕,85,1,1
ZA Wc 2,Zakros,-1500,,clay,clay_sealings,0.55,False,VIN,VIN,𐙗,87,1,1
ZA Wc 3,Zakros,-1500,,clay,clay_sealings,0.55,False,KU-PA3,KU-PA3,𐙂𐘰,"66,48",1,2
ZA Wc 4,Zakros,-1500,,clay,clay_sealings,0.55,False,A-DU,A-DU,𐘀𐘬,"0,44",1,2
ZA Wc 5,Zakros,-1500,,clay,clay_sealings,0.55,False,OVS,OVS,𐙝,93,1,1
ZA Wc 6,Zakros,-1500,,clay,clay_sealings,0.55,False,SA-MA VIN,SA-MA|VIN,𐘞𐙁 𐙗,"30,65,87",2,3
ZA Wc 7,Zakros,-1500,,clay,clay_sealings,0.55,False,PA-TA,PA-TA,𐘂𐘳,"2,51",1,2
ZA Wc 8,Zakros,-1500,,clay,clay_sealings,0.55,False,I-DA GRA,I-DA|GRA,𐘚𐘦 𐙕,"26,38,85",2,3
KH Wc 1,Khania,-1450,,clay,clay_sealings,0.55,False,GRA,GRA,𐙕,85,1,1
KH Wc 2,Khania,-1450,,clay,clay_sealings,0.55,False,VIN,VIN,𐙗,87,1,1
KH Wc 3,Khania,-1450,,clay,clay_sealings,0.55,False,OLE,OLE,𐙚,90,1,1
KH Wc 4,Khania,-1450,,clay,clay_sealings,0.55,False,A-DU,A-DU,𐘀𐘬,"0,44",1,2
KH Wc 5,Khania,-1450,,clay,clay_sealings,0.55,False,KU-PA3 GRA,KU-PA3|GRA,𐙂𐘰 𐙕,"66,48,85",2,3
KH Wc 6,Khania,-1450,,clay,clay_sealings,0.55,False,SA-MA,SA-MA,𐘞𐙁,"30,65",1,2
KH Wc 7,Khania,-1450,,clay,clay_sealings,0.55,False,DA-TA,DA-TA,𐘦𐘳,"38,51",1,2
HT Wc 11,Hagia Triada,-1500,,clay,clay_sealings,0.55,False,HORD,HORD,𐙖,86,1,1
HT Wc 12,Hagia Triada,-1500,,clay,clay_sealings,0.55,False,FIC,FIC,𐙘,88,1,1
HT Wc 13,Hagia Triada,-1500,,clay,clay_sealings,0.55,False,LANA,LANA,?,,1,0
HT Wc 14,Hagia Triada,-1500,,clay,clay_sealings,0.55,False,A-MI-DA-O,A-MI-DA-O,𐘀𐘒𐘦𐘵,"0,18,38,53",1,4
HT Wc 15,Hagia Triada,-1500,,clay,clay_sealings,0.55,False,A-MI-DA-O GRA,A-MI-DA-O|GRA,𐘀𐘒𐘦𐘵 𐙕,"0,18,38,53,85",2,5
HT Wc 16,Hagia Triada,-1500,,clay,clay_sealings,0.55,False,DA-QE-RA,DA-QE-RA,𐘦𐘿𐘴,"38,63,52",1,3
HT Wc 17,Hagia Triada,-1500,,clay,clay_sealings,0.55,False,DA-QE-RA OVS,DA-QE-RA|OVS,𐘦𐘿𐘴 𐙝,"38,63,52,93",2,4
HT Wc 18,Hagia Triada,-1500,,clay,clay_sealings,0.55,False,KU-PA3-NU,KU-PA3-NU,𐙂𐘰𐘟,"66,48,31",1,3
HT Wc 19,Hagia Triada,-1500,,clay,clay_sealings,0.55,False,KU-PA3-NU VIN,KU-PA3-NU|VIN,𐙂𐘰𐘟 𐙗,"66,48,31,87",2,4
HT Wc 20,Hagia Triada,-1500,,clay,clay_sealings,0.55,False,RE-QE-ME,RE-QE-ME,𐘙𐘿𐘋,"25,63,11",1,3
HT Wc 21,Hagia Triada,-1500,,clay,clay_sealings,0.55,False,RE-QE-ME GRA,RE-QE-ME|GRA,𐘙𐘿𐘋 𐙕,"25,63,11,85",2,4
HT Wc 22,Hagia Triada,-1500,,clay,clay_sealings,0.55,False,GRA,GRA,𐙕,85,1,1
HT Wc 23,Hagia Triada,-1500,,clay,clay_sealings,0.55,False,VIN,VIN,𐙗,87,1,1
HT Wc 24,Hagia Triada,-1500,,clay,clay_sealings,0.55,False,OLE,OLE,𐙚,90,1,1
HT Wc 25,Hagia Triada,-1500,,clay,clay_sealings,0.55,False,OVS,OVS,𐙝,93,1,1
HT Wc 26,Hagia Triada,-1500,,clay,clay_sealings,0.55,False,CAP,CAP,𐙜,92,1,1
HT Wc 27,Hagia Triada,-1500,,clay,clay_sealings,0.55,False,BOS,BOS,𐙠,96,1,1
HT Wc 28,Hagia Triada,-1500,,clay,clay_sealings,0.55,False,SUS,SUS,𐙙,89,1,1
HT Wc 29,Hagia Triada,-1500,,clay,clay_sealings,0.55,False,A-DU,A-DU,𐘀𐘬,"0,44",1,2
HT Wc 30,Hagia Triada,-1500,,clay,clay_sealings,0.55,False,A-DU GRA,A-DU|GRA,𐘀𐘬 𐙕,"0,44,85",2,3
HT Wc 31,Hagia Triada,-1500,,clay,clay_sealings,0.55,False,SI-DA-TE,SI-DA-TE,𐘜𐘦𐘃,"28,38,3",1,3
HT Wc 32,Hagia Triada,-1500,,clay,clay_sealings,0.55,False,SI-DA-TE VIN,SI-DA-TE|VIN,𐘜𐘦𐘃 𐙗,"28,38,3,87",2,4
HT Wc 33,Hagia Triada,-1500,,clay,clay_sealings,0.55,False,JA-RE GRA,JA-RE|GRA,𐘧𐘙 𐙕,"39,25,85",2,3
HT Wc 34,Hagia Triada,-1500,,clay,clay_sealings,0.55,False,TE-KI,TE-KI,𐘃𐘸,"3,56",1,2
HT Wc 35,Hagia Triada,-1500,,clay,clay_sealings,0.55,False,TE-KI GRA,TE-KI|GRA,𐘃𐘸 𐙕,"3,56,85",2,3
ZA Wc 9,Zakros,-1500,,clay,clay_sealings,0.55,False,HORD,HORD,𐙖,86,1,1
ZA Wc 10,Zakros,-1500,,clay,clay_sealings,0.55,False,FIC,FIC,𐙘,88,1,1
ZA Wc 11,Zakros,-1500,,clay,clay_sealings,0.55,False,A-DU VIN,A-DU|VIN,𐘀𐘬 𐙗,"0,44,87",2,3
ZA Wc 12,Zakros,-1500,,clay,clay_sealings,0.55,False,DA-QE-RA GRA,DA-QE-RA|GRA,𐘦𐘿𐘴 𐙕,"38,63,52,85",2,4
ZA Wc 13,Zakros,-1500,,clay,clay_sealings,0.55,False,OVS,OVS,𐙝,93,1,1
ZA Wc 14,Zakros,-1500,,clay,clay_sealings,0.55,False,OLE,OLE,𐙚,90,1,1
ZA Wc 15,Zakros,-1500,,clay,clay_sealings,0.55,False,GRA,GRA,𐙕,85,1,1
ZA Wc 16,Zakros,-1500,,clay,clay_sealings,0.55,False,KU-PA3 VIN,KU-PA3|VIN,𐙂𐘰 𐙗,"66,48,87",2,3
ZA Wc 17,Zakros,-1500,,clay,clay_sealings,0.55,False,BOS,BOS,𐙠,96,1,1
ZA Wc 18,Zakros,-1500,,clay,clay_sealings,0.55,False,SA-MA GRA,SA-MA|GRA,𐘞𐙁 𐙕,"30,65,85",2,3
ZA Wc 19,Zakros,-1500,,clay,clay_sealings,0.55,False,CAP,CAP,𐙜,92,1,1
ZA Wc 20,Zakros,-1500,,clay,clay_sealings,0.55,False,A-MI GRA,A-MI|GRA,𐘀𐘒 𐙕,"0,18,85",2,3
KH Wc 8,Khania,-1450,,clay,clay_sealings,0.55,False,HORD,HORD,𐙖,86,1,1
KH Wc 9,Khania,-1450,,clay,clay_sealings,0.55,False,A-DU,A-DU,𐘀𐘬,"0,44",1,2
KH Wc 10,Khania,-1450,,clay,clay_sealings,0.55,False,OVS,OVS,𐙝,93,1,1
KH Wc 11,Khania,-1450,,clay,clay_sealings,0.55,False,VIN,VIN,𐙗,87,1,1
KH Wc 12,Khania,-1450,,clay,clay_sealings,0.55,False,KU-PA3-NU GRA,KU-PA3-NU|GRA,𐙂𐘰𐘟 𐙕,"66,48,31,85",2,4
KH Wc 13,Khania,-1450,,clay,clay_sealings,0.55,False,GRA,GRA,𐙕,85,1,1
KH Wc 14,Khania,-1450,,clay,clay_sealings,0.55,False,DA-QE-RA OLE,DA-QE-RA|OLE,𐘦𐘿𐘴 𐙚,"38,63,52,90",2,4
KH Wc 15,Khania,-1450,,clay,clay_sealings,0.55,False,OLE,OLE,𐙚,90,1,1
KH Wc 16,Khania,-1450,,clay,clay_sealings,0.55,False,CAP,CAP,𐙜,92,1,1
KH Wc 17,Khania,-1450,,clay,clay_sealings,0.55,False,A-RE GRA,A-RE|GRA,𐘀𐘙 𐙕,"0,25,85",2,3
KH Wc 18,Khania,-1450,,clay,clay_sealings,0.55,False,SUS,SUS,𐙙,89,1,1
KH Wc 19,Khania,-1450,,clay,clay_sealings,0.55,False,BOS,BOS,𐙠,96,1,1
KH Wc 20,Khania,-1450,,clay,clay_sealings,0.55,False,RE-QE-ME,RE-QE-ME,𐘙𐘿𐘋,"25,63,11",1,3
PE Wc 1,Petras,-1600,,clay,clay_sealings,0.55,False,GRA,GRA,𐙕,85,1,1
PE Wc 2,Petras,-1600,,clay,clay_sealings,0.55,False,VIN,VIN,𐙗,87,1,1
PE Wc 3,Petras,-1600,,clay,clay_sealings,0.55,False,OLE,OLE,𐙚,90,1,1
PE Wc 4,Petras,-1600,,clay,clay_sealings,0.55,False,A-DU,A-DU,𐘀𐘬,"0,44",1,2
PE Wc 5,Petras,-1600,,clay,clay_sealings,0.55,False,OVS,OVS,𐙝,93,1,1
PE Wc 6,Petras,-1600,,clay,clay_sealings,0.55,False,KU-PA3-NU GRA,KU-PA3-NU|GRA,𐙂𐘰𐘟 𐙕,"66,48,31,85",2,4
PE Wc 7,Petras,-1600,,clay,clay_sealings,0.55,False,SA-MA VIN,SA-MA|VIN,𐘞𐙁 𐙗,"30,65,87",2,3
PE Wc 8,Petras,-1600,,clay,clay_sealings,0.55,False,RE-DI-SE GRA,RE-DI-SE|GRA,𐘙𐘆𐘈 𐙕,"25,6,8,85",2,4
KN Wc 1,Knossos,-1600,,clay,clay_sealings,0.55,False,GRA,GRA,𐙕,85,1,1
KN Wc 2,Knossos,-1600,,clay,clay_sealings,0.55,False,VIN,VIN,𐙗,87,1,1
KN Wc 3,Knossos,-1600,,clay,clay_sealings,0.55,False,OLE,OLE,𐙚,90,1,1
KN Wc 4,Knossos,-1600,,clay,clay_sealings,0.55,False,OVS,OVS,𐙝,93,1,1
KN Wc 5,Knossos,-1600,,clay,clay_sealings,0.55,False,A-DU GRA,A-DU|GRA,𐘀𐘬 𐙕,"0,44,85",2,3
KN Wc 6,Knossos,-1600,,clay,clay_sealings,0.55,False,KU-PA3 VIN,KU-PA3|VIN,𐙂𐘰 𐙗,"66,48,87",2,3
HT Zb 1,Hagia Triada,-1550,,clay,inscribed_ceramics,0.52,False,GRA 3,GRA,𐙕,85,1,1
HT Zb 2,Hagia Triada,-1550,,clay,inscribed_ceramics,0.52,False,VIN 2,VIN,𐙗,87,1,1
HT Zb 3,Hagia Triada,-1550,,clay,inscribed_ceramics,0.52,False,OLE 1,OLE,𐙚,90,1,1
HT Zb 4,Hagia Triada,-1550,,clay,inscribed_ceramics,0.52,False,A-DU GRA,A-DU|GRA,𐘀𐘬 𐙕,"0,44,85",2,3
HT Zb 5,Hagia Triada,-1550,,clay,inscribed_ceramics,0.52,False,KU-PA3-NU OLE,KU-PA3-NU|OLE,𐙂𐘰𐘟 𐙚,"66,48,31,90",2,4
KH Zb 1,Khania,-1450,,clay,inscribed_ceramics,0.52,False,GRA,GRA,𐙕,85,1,1
KH Zb 2,Khania,-1450,,clay,inscribed_ceramics,0.52,False,VIN,VIN,𐙗,87,1,1
KH Zb 3,Khania,-1450,,clay,inscribed_ceramics,0.52,False,A-SA-SA-RA-ME,A-SA-SA-RA-ME,𐘀𐘞𐘞𐘴𐘋,"0,30,30,52,11",1,5
KH Zb 4,Khania,-1450,,clay,inscribed_ceramics,0.52,False,SA-MA GRA,SA-MA|GRA,𐘞𐙁 𐙕,"30,65,85",2,3
PH Zb 1,Phaistos,-1600,,clay,inscribed_ceramics,0.52,False,GRA 5,GRA,𐙕,85,1,1
PH Zb 2,Phaistos,-1600,,clay,inscribed_ceramics,0.52,False,VIN 1,VIN,𐙗,87,1,1
PH Zb 3,Phaistos,-1600,,clay,inscribed_ceramics,0.52,False,OLE 2,OLE,𐙚,90,1,1
ZA Zb 1,Zakros,-1500,,clay,inscribed_ceramics,0.52,False,GRA,GRA,𐙕,85,1,1
ZA Zb 2,Zakros,-1500,,clay,inscribed_ceramics,0.52,False,A-DU VIN,A-DU|VIN,𐘀𐘬 𐙗,"0,44,87",2,3
ZA Zb 3,Zakros,-1500,,clay,inscribed_ceramics,0.52,False,KU-PA3,KU-PA3,𐙂𐘰,"66,48",1,2
KOM Zb 1,Kommos,-1600,,clay,inscribed_ceramics,0.52,False,GRA,GRA,𐙕,85,1,1
KOM Zb 2,Kommos,-1600,,clay,inscribed_ceramics,0.52,False,VIN,VIN,𐙗,87,1,1
KOM Zb 3,Kommos,-1600,,clay,inscribed_ceramics,0.52,False,OLE,OLE,𐙚,90,1,1
MA Zb 1,Mallia,-1650,,clay,inscribed_ceramics,0.52,False,A-SA-SA-RA-ME,A-SA-SA-RA-ME,𐘀𐘞𐘞𐘴𐘋,"0,30,30,52,11",1,5
MA Zb 2,Mallia,-1650,,clay,inscribed_ceramics,0.52,False,KU-PA3-NU GRA,KU-PA3-NU|GRA,𐙂𐘰𐘟 𐙕,"66,48,31,85",2,4
MA Zb 3,Mallia,-1650,,clay,inscribed_ceramics,0.52,False,GRA 3,GRA,𐙕,85,1,1
MA Zb 4,Mallia,-1650,,clay,inscribed_ceramics,0.52,False,VIN 1,VIN,𐙗,87,1,1
MA Zb 5,Mallia,-1650,,clay,inscribed_ceramics,0.52,False,KU-PA3,KU-PA3,𐙂𐘰,"66,48",1,2
KN Zb 1,Knossos,-1600,,clay,inscribed_ceramics,0.52,False,GRA 5,GRA,𐙕,85,1,1
KN Zb 2,Knossos,-1600,,clay,inscribed_ceramics,0.52,False,VIN 2,VIN,𐙗,87,1,1
KN Zb 3,Knossos,-1600,,clay,inscribed_ceramics,0.52,False,OLE 1,OLE,𐙚,90,1,1
KN Zb 4,Knossos,-1600,,clay,inscribed_ceramics,0.52,False,A-DU GRA,A-DU|GRA,𐘀𐘬 𐙕,"0,44,85",2,3
KN Zb 5,Knossos,-1600,,clay,inscribed_ceramics,0.52,False,KU-PA3,KU-PA3,𐙂𐘰,"66,48",1,2
KN Zb 6,Knossos,-1600,,clay,inscribed_ceramics,0.52,False,OVS 2,OVS,𐙝,93,1,1
KN Zb 7,Knossos,-1600,,clay,inscribed_ceramics,0.52,False,GRA 3,GRA,𐙕,85,1,1
KN Zb 8,Knossos,-1600,,clay,inscribed_ceramics,0.52,False,A-SA-SA-RA-ME,A-SA-SA-RA-ME,𐘀𐘞𐘞𐘴𐘋,"0,30,30,52,11",1,5
PK Zb 1,Palaikastro,-1600,,clay,inscribed_ceramics,0.52,False,GRA 3,GRA,𐙕,85,1,1
PK Zb 2,Palaikastro,-1600,,clay,inscribed_ceramics,0.52,False,VIN 1,VIN,𐙗,87,1,1
PK Zb 3,Palaikastro,-1600,,clay,inscribed_ceramics,0.52,False,OLE,OLE,𐙚,90,1,1
PK Zb 4,Palaikastro,-1600,,clay,inscribed_ceramics,0.52,False,OVS 2,OVS,𐙝,93,1,1
PK Zb 5,Palaikastro,-1600,,clay,inscribed_ceramics,0.52,False,A-DU,A-DU,𐘀𐘬,"0,44",1,2
PK Zb 6,Palaikastro,-1600,,clay,inscribed_ceramics,0.52,False,GRA 7,GRA,𐙕,85,1,1
PE Zb 1,Petras,-1600,,clay,inscribed_ceramics,0.52,False,GRA 4,GRA,𐙕,85,1,1
PE Zb 2,Petras,-1600,,clay,inscribed_ceramics,0.52,False,VIN,VIN,𐙗,87,1,1
PE Zb 3,Petras,-1600,,clay,inscribed_ceramics,0.52,False,OLE 2,OLE,𐙚,90,1,1
PE Zb 4,Petras,-1600,,clay,inscribed_ceramics,0.52,False,KU-PA3-NU GRA,KU-PA3-NU|GRA,𐙂𐘰𐘟 𐙕,"66,48,31,85",2,4
PE Zb 5,Petras,-1600,,clay,inscribed_ceramics,0.52,False,OVS 3,OVS,𐙝,93,1,1
MOC Zb 1,Mochlos,-1550,,clay,inscribed_ceramics,0.52,False,GRA,GRA,𐙕,85,1,1
MOC Zb 2,Mochlos,-1550,,clay,inscribed_ceramics,0.52,False,VIN 1,VIN,𐙗,87,1,1
MOC Zb 3,Mochlos,-1550,,clay,inscribed_ceramics,0.52,False,OLE,OLE,𐙚,90,1,1
GOU Zb 1,Gournia,-1550,,clay,inscribed_ceramics,0.52,False,GRA 2,GRA,𐙕,85,1,1
GOU Zb 2,Gournia,-1550,,clay,inscribed_ceramics,0.52,False,VIN,VIN,𐙗,87,1,1
GOU Zb 3,Gournia,-1550,,clay,inscribed_ceramics,0.52,False,OLE 1,OLE,𐙚,90,1,1
GOU Zb 4,Gournia,-1550,,clay,inscribed_ceramics,0.52,False,OVS,OVS,𐙝,93,1,1
AK Zb 1,Akrotiri,-1628,,clay,inscribed_ceramics,0.52,False,A-SA-SA-RA-ME,A-SA-SA-RA-ME,𐘀𐘞𐘞𐘴𐘋,"0,30,30,52,11",1,5
AK Zb 2,Akrotiri,-1628,,clay,inscribed_ceramics,0.52,False,GRA 2,GRA,𐙕,85,1,1
AK Zb 3,Akrotiri,-1628,,clay,inscribed_ceramics,0.52,False,VIN,VIN,𐙗,87,1,1
MOC 1,Mochlos,-1550,,clay,minor_cretan_clay_tablets,0.68,False,A-DU GRA 10 KU-RO GRA 10,A-DU|GRA|KU-RO|GRA,𐘀𐘬 𐙕 𐙂𐘁 𐙕,"0,44,85,66,1,85",4,6
MOC 2,Mochlos,-1550,,clay,minor_cretan_clay_tablets,0.68,False,PA-I-TO VIN 5 KI-RO VIN 1 KU-RO VIN 4,PA-I-TO|VIN|KI-RO|VIN|KU-RO|VIN,𐘂𐘚𐘄 𐙗 𐘸𐘁 𐙗 𐙂𐘁 𐙗,"2,26,4,87,56,1,87,66,1,87",6,10
MOC 3,Mochlos,-1550,,clay,minor_cretan_clay_tablets,0.68,False,KU-PA3-NU GRA 8 KU-RO GRA 8,KU-PA3-NU|GRA|KU-RO|GRA,𐙂𐘰𐘟 𐙕 𐙂𐘁 𐙕,"66,48,31,85,66,1,85",4,7
MOC 4,Mochlos,-1550,,clay,minor_cretan_clay_tablets,0.68,False,SA-MA OVS 6 BOS 2 KU-RO OVS 6,SA-MA|OVS|BOS|KU-RO|OVS,𐘞𐙁 𐙝 𐙠 𐙂𐘁 𐙝,"30,65,93,96,66,1,93",5,7
MOC 5,Mochlos,-1550,,clay,minor_cretan_clay_tablets,0.68,False,I-DA-MA GRA 12 KI-RO GRA 2 KU-RO GRA 10,I-DA-MA|GRA|KI-RO|GRA|KU-RO|GRA,𐘚𐘦𐙁 𐙕 𐘸𐘁 𐙕 𐙂𐘁 𐙕,"26,38,65,85,56,1,85,66,1,85",6,10
MOC 6,Mochlos,-1550,,clay,minor_cretan_clay_tablets,0.68,False,A-RE VIN 4 OLE 2 KU-RO VIN 4,A-RE|VIN|OLE|KU-RO|VIN,𐘀𐘙 𐙗 𐙚 𐙂𐘁 𐙗,"0,25,87,90,66,1,87",5,7
MOC 7,Mochlos,-1550,,clay,minor_cretan_clay_tablets,0.68,False,DU-PU2-RE GRA 15 KU-RO GRA 15,DU-PU2-RE|GRA|KU-RO|GRA,𐘬𐙄𐘙 𐙕 𐙂𐘁 𐙕,"44,68,25,85,66,1,85",4,7
MOC 8,Mochlos,-1550,,clay,minor_cretan_clay_tablets,0.68,False,TE-ZA VIN 8 KI-RO VIN 1 KU-RO VIN 7,TE-ZA|VIN|KI-RO|VIN|KU-RO|VIN,𐘃𐘍 𐙗 𐘸𐘁 𐙗 𐙂𐘁 𐙗,"3,13,87,56,1,87,66,1,87",6,9
MOC 9,Mochlos,-1550,,clay,minor_cretan_clay_tablets,0.68,False,A-DU GRA 20 OVS 5 KU-RO GRA 20,A-DU|GRA|OVS|KU-RO|GRA,𐘀𐘬 𐙕 𐙝 𐙂𐘁 𐙕,"0,44,85,93,66,1,85",5,7
MOC 10,Mochlos,-1550,,clay,minor_cretan_clay_tablets,0.68,False,SA-RA2 GRA 7 KU-RO GRA 7,SA-RA2|GRA|KU-RO|GRA,𐘞𐘱 𐙕 𐙂𐘁 𐙕,"30,49,85,66,1,85",4,6
